title,title_ru,media,year,level,level_src,accent,accent_note,status,episodes,runtime,rating,cover,desc
Caillou,Каю,cartoon,1997,A1,"EnglishCentral A1; простой язык, бытовые темы",American,,backlog,144,,,https://image.tmdb.org/t/p/w500/86fn0dy8u6vVa2KahZEkc31msm4.jpg,"Любопытный 4-летний малыш и быт семьи — простой, медленный язык и эмоции."
Curious George,Любопытный Джордж,cartoon,2006,A1,"Preply A1; чёткое произношение, бытовая лексика",American,,backlog,190,,,https://image.tmdb.org/t/p/w500/1FsihcjjTrzkmD9i8hRPzE6GhZf.jpg,"Чёткая речь рассказчика, повседневные слова, простые сюжеты — идеально для новичков."
Daniel Tiger's Neighborhood,Дэниел Тайгер и его соседи,cartoon,2012,A1,Migaku/RealLife A1; самая медленная и чёткая речь,American,,backlog,150,,,https://image.tmdb.org/t/p/w500/pUbHrEFTWegyhIxFmtpOpAQsbfT.jpg,"Очень медленная чёткая речь, песенки и эмоции — для самого раннего этапа."
Dora the Explorer,Даша-путешественница,cartoon,2000,A1,Lingopie/Preply A1; интерактивное обучение базовым фразам,American,,backlog,172,,,https://image.tmdb.org/t/p/w500/wuZAi6JPdlX68s1p7iztmt0p13C.jpg,"Героиня задаёт вопросы и ждёт ответа, делает паузы — простые фразы, направления, счёт."
Finding Nemo,В поисках Немо,movie,2003,A1,Inlingua A1-A2; Pearson Reader Level 1 = A1,Mixed,Смешанный: американские главные + много австралийских акцентов (действие в Сиднее).,backlog,,100 мин,,https://upload.wikimedia.org/wikipedia/en/2/29/Finding_Nemo.jpg,"Ясная дикция, эмоциональные диалоги, разнообразные голоса и акценты внутри американского — тренирует гибкость восприятия."
Mister Rogers' Neighborhood,Наш сосед мистер Роджерс,cartoon,1968,A1,"RealLife/Migaku A1; очень медленная, успокаивающая речь",American,,backlog,895,,,https://image.tmdb.org/t/p/w500/qhbeRYVg120cBmc9XvGxvk6EmJF.jpg,Ведущий говорит очень медленно и обращается прямо к зрителю — максимальная разборчивость.
Sesame Street,Улица Сезам,cartoon,1969,A1,FluentU/Preply A1; классическое ESL-шоу для малышей,American,,backlog,4000,,,https://image.tmdb.org/t/p/w500/14k9BfZ2p4rQBMeJ5crKTfUZVwD.jpg,"Короткие фразы, медленная чёткая речь, песни и повторы — самый низкий порог входа."
Word Party,Word Party,cartoon,2016,A1,LearnLink A1; малыши-зверята учат простые слова,American,,backlog,52,,,https://image.tmdb.org/t/p/w500/gNN502X3t2jLmBqmsc5oy0rC1ix.jpg,"Малыши-зверята учат самые простые слова, зрителя зовут повторять вслух."
Arthur,Артур,cartoon,1996,A2,"Preply A1-A2; PBS, бытовые истории, естественная речь",American,,backlog,253,,,https://image.tmdb.org/t/p/w500/nYN8okmcsmhd4bGVcqifZ5OCumB.jpg,"Простые житейские истории про школу и семью, спокойный темп, базовая лексика."
Coco,Тайна Коко,movie,2017,A2,"ESL guides A1-A2; Pixar beginner-friendly (TeachSimple, Inlingua)",American,,backlog,,105 мин,,https://upload.wikimedia.org/wikipedia/en/9/98/Coco_%282017_film%29_poster.jpg,"Современный американский английский, тёплый сюжет, понятные диалоги. Хорошо заходит целым фильмом за раз."
Despicable Me,Гадкий я,movie,2010,A2,Language Academia; Talkpal,American,,backlog,,95 мин,,https://image.tmdb.org/t/p/w500/b1BT309QWjtFUlJPLmXmrcHOWEL.jpg,Чёткая выразительная озвучка и простые фразы — лёгкая разговорная американская речь для новичков.
Dragon Ball Z,Драконий жемчуг Зет,anime,1989,A2,CBR — культовый американский дубляж,American (dub),,backlog,291,,,https://image.tmdb.org/t/p/w500/yfyToia25GnvjY7FPAGaCm3lKRc.jpg,"Гоку защищает Землю от пришельцев. Культовый американский дубляж, простая речь."
Extra English,Extra English,learner,2004,A2,"Designed for beginners; LingoClub A2-B1 (FluentU, MosaLingua)",British,Британский акцент (ESL-ситком). Исключение из US-каталога — оставлен по запросу для старта.,planned,30,,,https://is1-ssl.mzstatic.com/image/thumb/Video/v4/82/51/88/82518803-57a9-904b-6337-67e123c4f134/mzl.yjhtuxdh.jpg/600x600bb.jpg,"Ситком, снятый специально для изучающих: медленная, очень чёткая речь, бытовые ситуации. Идеальный мостик от учебника к живому языку."
Full House,Полный дом,sitcom,1987,A2,estimate; simple classic family sitcom A2-B1,American,,backlog,192,,,https://is1-ssl.mzstatic.com/image/thumb/Video3/v4/07/9f/d6/079fd661-b8e2-97cc-5f71-f79844be4427/mzl.iahbcidu.lsr/600x600bb.jpg,"Семейный ситком с медленной, очень чистой речью. Один из самых «дружелюбных» к начинающим американских сериалов."
Gravity Falls,Гравити Фолз,cartoon,2012,A2,BusyTeacher A1-A2; US cartoons avg A2/B1,American,,watched,40,,,https://is1-ssl.mzstatic.com/image/thumb/Video1/v4/d5/27/50/d52750fb-167d-19dd-2be2-05d129de98f2/mzl.zeocqaju.lsr/600x600bb.jpg,"Чёткий американский английский, диалоги среднего темпа, много разговорных оборотов и юмора. Уже смотрел — отличная база."
Luca,Лука,movie,2021,A2,Lingopie,American,,backlog,,95 мин,,https://image.tmdb.org/t/p/w500/9x4i9uKGXt8IiiIF5Ey0DIoY738.jpg,"Современная повседневная речь, медленный темп и простой сюжет — комфортно для начинающих."
Martha Speaks,Говорящая Марта,cartoon,2008,A2,FluentU/Preply A1-A2; обучение словам до и после серии,American,,backlog,80,,,https://image.tmdb.org/t/p/w500/vHL9EBFqyiT2d4oIxRxjwyg46dI.jpg,"Собака учится говорить — слова объясняют до и после серии, фокус на расширении словаря."
"Monsters, Inc.",Корпорация монстров,movie,2001,A2,Talkpal; Lingopie,American,,backlog,,92 мин,,https://image.tmdb.org/t/p/w500/wFSpyMsp7H0ttERbxY7Trlv8xry.jpg,Pixar с ясной артикуляцией и бытовыми диалогами — отлично для базового американского произношения.
Pokémon,Покемон,anime,1997,A2,"Simple language, beginner-friendly (LanguageCrush)",American (dub),,backlog,1000,,,https://is1-ssl.mzstatic.com/image/thumb/Video211/v4/3a/75/94/3a7594d9-0d34-e61c-1b39-6a1b21d4135b/S1_iTunes_1x1_EN_Vol_1.png/600x600bb.jpg,"Английский дубляж с простой, чёткой речью и повторами. Низкий порог входа для аниме на слух — A2→B1."
SpongeBob SquarePants,Губка Боб,cartoon,1999,A2,"Simple sentences + visual context (Wright English, Quora)",American,,backlog,300,,,https://is1-ssl.mzstatic.com/image/thumb/Video41/v4/d8/b9/e9/d8b9e99f-a9f9-78d0-33a3-3ed6931a526b/mzl.uplegvbz.lsr/600x600bb.jpg,"Очень выразительная дикция, повторяющиеся фразы, идиомы. Хорошо тренирует восприятие на слух без напряжения."
The Magic School Bus,Волшебный школьный автобус,cartoon,1994,A2,"Young-learner educational, clear slow speech (Scholastic; estimate)",American,,backlog,52,,,https://is1-ssl.mzstatic.com/image/thumb/Video113/v4/9d/35/6c/9d356cf2-fd4a-30fa-993b-4f575d5e27c1/pr_source.png/600x600bb.jpg,Образовательный мультсериал: простая речь + научная лексика. Хорош для A2 и расширения тематического словаря.
Toy Story,История игрушек,movie,1995,A2,"Everyday vocab, simple sentences (Flurret, Quora)",American,,backlog,,81 мин,,https://upload.wikimedia.org/wikipedia/en/1/13/Toy_Story.jpg,"Pixar = эталонная чёткая американская речь. Простые диалоги, понятный сюжет — хороший полнометражный формат для B1."
WALL-E,ВАЛЛ-И,movie,2008,A2,FluentU; Movies Grow English,American,,backlog,,98 мин,,https://image.tmdb.org/t/p/w500/hbhFnRzzg6ZDmm8YAmxBnQpQIPh.jpg,"Минимум диалогов, простая лексика и чистая американская речь — идеально для старта в аудировании."
WordGirl,Девочка-Слово,cartoon,2007,A2,FluentU A2; супергерой-история с фокусом на лексику,American,,backlog,126,,,https://image.tmdb.org/t/p/w500/vDxyfOf1lHfETsol3uhrjf9tLfg.jpg,Девочка-супергерой объясняет новые слова в каждой серии — лексика через сюжет.
Adventure Time,Время приключений,cartoon,2010,B1,"ESL worksheets target pre-int/int (FluentU, ISLCollective)",American,,backlog,283,,,https://is1-ssl.mzstatic.com/image/thumb/Video/v4/b9/6e/2f/b96e2feb-31cb-a6e3-9e1a-2e0e07cb18ad/mzl.edfwsgvj.lsr/600x600bb.jpg,Много современного американского сленга и идиом в безопасной дозе. Серии по 11 минут — удобно для регулярного просмотра.
Brooklyn Nine-Nine,Бруклин 9-9,sitcom,2013,B1,"Clear dialogue but slang/jargon; intermediate (VoiceTube, RealLife)",American,,backlog,153,,,https://is1-ssl.mzstatic.com/image/thumb/Video114/v4/f3/b4/eb/f3b4eb12-04ae-b745-5005-fa9793013976/mzl.eddicnqg.lsr/600x600bb.jpg,"Современный разговорный американский, быстрый юмор, рабочая и бытовая лексика. Хорошо качает темп восприятия на B2."
Cast Away,Изгой,movie,2000,B1,Language Academia,American,,backlog,,143 мин,,https://image.tmdb.org/t/p/w500/7lLJgKnAicAcR5UEuo8xhSMj18w.jpg,Немного диалогов и чистая речь Тома Хэнкса — фокус на американском произношении.
Elemental,Элементарно,movie,2023,B1,Lingopie,American,,backlog,,101 мин,,https://image.tmdb.org/t/p/w500/xVgrtsvxowy2PCnKV1KSucAe8vW.jpg,Свежий Pixar с ясными диалогами и бытовой американской лексикой для среднего уровня.
Encanto,Энканто,movie,2021,B1,Lingopie,American,,backlog,,102 мин,,https://image.tmdb.org/t/p/w500/4j0PNHkMr5ax3IA8tjtxcmPU3QT.jpg,"Чёткие, выразительные голоса и современная лексика — удобно отрабатывать произношение."
Forrest Gump,Форрест Гамп,movie,1994,B1,Slow clear past-tense; Pearson Reader Level 3 = B1 (FluentU),American,,backlog,,142 мин,,https://upload.wikimedia.org/wikipedia/en/6/67/Forrest_Gump_poster.jpg,Южный американский акцент главного героя + чистая речь остальных. Культовая лексика и фразы. Крепкий B2.
Friends,Друзья,sitcom,1994,B1,FluentU/ISL B1; the #1 ESL sitcom for B1,American,,backlog,236,,,https://is1-ssl.mzstatic.com/image/thumb/Video113/v4/c6/f7/90/c6f79006-9492-44bb-626c-fa149e147b2d/pr_source.lsr/600x600bb.jpg,"Классика №1 для изучающих: бытовые диалоги, чёткая речь, повторяющаяся лексика. 20-минутные серии — идеальная регулярная доза."
Fruits Basket,Корзинка фруктов,anime,2019,B1,FluentU/Lingopie slice-of-life dubs,American (dub),,backlog,63,,,https://image.tmdb.org/t/p/w500/9TGNcvMm91QXmnnCCYYqnYK0bK7.jpg,"Девочка живёт с семьёй, превращающейся в зверей зодиака. Тёплый ясный дубляж."
Glee,Хор,drama,2009,B1,Verbling; Oxford Language Club (Intermediate),American,,backlog,121,,,https://image.tmdb.org/t/p/w500/62T2vsZYTje3KhdCsiLR1K1RFJW.jpg,Школьный хор борется за признание. Чёткая речь и песни помогают с произношением и интонацией.
How I Met Your Mother,Как я встретил вашу маму,sitcom,2005,B1,"Intermediate consensus B1-B2 (3DAcademy, RealLife)",American,,backlog,208,,,https://is1-ssl.mzstatic.com/image/thumb/Video4/v4/e5/d2/47/e5d247a8-3356-fa4f-d16c-e6fb5fc7fa1c/mzl.zqraiktg.lsr/600x600bb.jpg,"Много идиом, сленга и игры слов; закадровый рассказчик помогает следить за сюжетом. Крепкий B2."
How to Train Your Dragon,Как приручить дракона,movie,2010,B1,"ESL guides intermediate; fast dialogue (TeachSimple, ISL)",Mixed,"Смешанный: подростки — американский, взрослые викинги — шотландский.",backlog,,98 мин,,https://image.tmdb.org/t/p/w500/ygGmAO60t8GyqUo9xYeYxSZAR3b.jpg,"Главный герой говорит на чистом американском; остальные — с шотландским акцентом. Полезно слышать контраст, ориентируясь на американский."
Hunter x Hunter,Хантер х Хантер,anime,2011,B1,CBR/IGN best dubs; anime-for-learners blogs,American (dub),,backlog,148,,,https://image.tmdb.org/t/p/w500/Ab00Hau61WBwCr8s5HrLaUv0F9B.jpg,"Гон ищет отца, становясь охотником. Богатый, но ясный английский дубляж."
Inside Out,Головоломка,movie,2015,B1,"Pixar conversational; Disney+ guides A2-B1 (Trancy, FluentU)",American,,backlog,,95 мин,,https://upload.wikimedia.org/wikipedia/en/0/0a/Inside_Out_%282015_film%29_poster.jpg,"Лексика эмоций и чувств — то, что трудно даётся на слух. Чистая речь, современный американский английский."
Mean Girls,Дрянные девчонки,movie,2004,B1,RealLife English,American,,backlog,,97 мин,,https://image.tmdb.org/t/p/w500/fXm3YKXAEjx7d2tIWDg9TfRZtsU.jpg,"Подростковый сленг, сарказм и разговорные обороты — живой американский английский."
My Hero Academia,Моя геройская академия,anime,2016,B1,"Mostly intermediate; battle jargon → B2 parts (FluentU, Lingopie)",American (dub),,backlog,160,,,https://is1-ssl.mzstatic.com/image/thumb/Video123/v4/53/fb/b1/53fbb13b-8d13-5270-27f9-792f79d775ad/mzl.lbsdztye.jpg/600x600bb.jpg,"Качественный американский дубляж, эмоциональная речь, лексика школы/действия. Хороший B2 для любителей аниме."
New Girl,Новенькая,sitcom,2011,B1,Lingopie; Promova,American,,backlog,146,,,https://image.tmdb.org/t/p/w500/8oCqMlKKomCArVtyOjRzMN6g40Z.jpg,Джесс переезжает к трём парням после расставания. Чёткая разговорная речь и современный сленг.
Phineas and Ferb,Финес и Ферб,cartoon,2007,B1,FluentU lists for learners; fast puns → pre-int/int,American,,backlog,222,,,https://is1-ssl.mzstatic.com/image/thumb/Video111/v4/84/23/0e/84230e9d-b2cf-fcd5-1f69-d1ceeb33bf77/mzl.xgboyvgn.lsr/600x600bb.jpg,"Короткие серии, простые предложения, песни. Дикция чистая, лексика повседневная — отлично для A2→B1."
Regular Show,Обычный мультик,cartoon,2010,B1,FluentU (Intermediate),American,,backlog,261,,,https://image.tmdb.org/t/p/w500/mS5SLxMYcKfUxA0utBSR5MOAWWr.jpg,Сойка и енот работают в парке и попадают в абсурдные приключения. Сухой юмор и живые диалоги.
Seinfeld,Сайнфелд,sitcom,1989,B1,FluentU; EF English Live,American,,backlog,180,,,https://image.tmdb.org/t/p/w500/aCw8ONfyz3AhngVQa1E2Ss4KSUQ.jpg,"Комик и его друзья обсуждают мелочи нью-йоркской жизни. Медленная, ясная американская речь."
Shrek,Шрек,movie,2001,B1,"Simple speech + idioms; A2-B1 (Talkpal, FluentU, ISL)",Mixed,"Смешанный: Шрек — шотландский акцент, Осёл/Фиона — американские, Кот — испанский.",backlog,,90 мин,,https://upload.wikimedia.org/wikipedia/en/7/7b/Shrek_%282001_animated_feature_film%29.jpg,Много каламбуров и культурных отсылок — отличная тренировка «второго слоя» юмора для B2.
Spy x Family,Семья шпиона,anime,2022,B1,CBR best dubs; Lingopie/FluentU anime lists,American (dub),,backlog,37,,,https://image.tmdb.org/t/p/w500/7NAvPYPAu7MeHwP8E9sn81PqsRh.jpg,"Шпион, наёмница и телепатка изображают семью. Чёткий современный дубляж, бытовые диалоги."
Stranger Things,Очень странные дела,drama,2016,B1,"B1-B2 lesson plans (Twee, Linguahouse, Enghub)",American,,backlog,42,,,https://is1-ssl.mzstatic.com/image/thumb/Video/48/69/e5/mzl.qkrouxgd.jpg/600x600bb.jpg,"Современный американский английский 80-х, речь детей и взрослых, разговорные обороты. Захватывающий сюжет = легко смотреть много."
That '70s Show,Шоу 70-х,sitcom,1998,B1,"Verbling; Oxford Language Club (Beginner-Intermediate, Midwest American)",American,,backlog,200,,,https://image.tmdb.org/t/p/w500/laEZvTqM80UaplUaDSCCbWhlyEV.jpg,Группа подростков взрослеет в пригороде Висконсина 70-х. Простой повседневный молодёжный английский.
The Amazing World of Gumball,Удивительный мир Гамбола,cartoon,2011,B1,FluentU (Intermediate),American,,backlog,240,,,https://image.tmdb.org/t/p/w500/VYnnyA2hyxi3VUPgCA71mMtt69.jpg,"Кот Гамбол и его семья живут в безумном городке Элмор. Быстрый, смешной и понятный английский."
The Goldbergs,Голдберги,sitcom,2013,B1,FluentU; ESL blogs,American,,backlog,229,,,https://image.tmdb.org/t/p/w500/3aQipkhSCHUmaHjImqEqT80k6GP.jpg,Тёплые воспоминания о шумной семье из 80-х. Простой бытовой английский и семейный юмор.
The Lego Movie,Лего. Фильм,movie,2014,B1,Language Academia,American,,backlog,,100 мин,,https://image.tmdb.org/t/p/w500/lbctonEnewCYZ4FYoTZhs8cidAl.jpg,Динамичная американская речь с шутками и сленгом — тренирует восприятие живого темпа.
The Mandalorian,Мандалорец,drama,2019,B1,"Slow, sparse dialogue; B1-B2 (Trancy)",American,,backlog,24,,,https://image.tmdb.org/t/p/w500/sWgBv7LV2PRoQgkxwlibdGXKz1S.jpg,"Мало, но ёмко: короткие чёткие реплики, медленный темп речи. Хороший «лёгкий» драматический сериал для B2."
The Simpsons,Симпсоны,cartoon,1989,B1,FluentU; Lingopie; Promova,American,,backlog,780,,,https://image.tmdb.org/t/p/w500/uWpG7GqfKGQqX4YMAo3nv5OrglV.jpg,"Жизнь семьи Симпсонов в Спрингфилде. Американский акцент, культурные шутки и бытовая лексика."
Trigun,Триган,anime,1998,B1,CBR best English voice acting,American (dub),,backlog,26,,,https://image.tmdb.org/t/p/w500/lwLFZFB3S2PeOLtWksaWerF6B4D.jpg,Стрелок Вэш с огромной наградой за голову. Чёткий дубляж Джонни Ёнга Боша.
Up,Вверх,movie,2009,B1,Beelinguapp; Talkpal,American,,backlog,,96 мин,,https://image.tmdb.org/t/p/w500/mFvoEwSfLqbcWwFsDjQebn9bzFe.jpg,"Понятная американская речь, эмоции и простые диалоги о жизни — хорошо для среднего уровня."
Yu Yu Hakusho,Отчёт о буйстве духов,anime,1992,B1,CBR — один из лучших ранних дубляжей,American (dub),,backlog,112,,,https://image.tmdb.org/t/p/w500/5OnjguJwkujo3R23w95EEX8eAEN.jpg,Хулиган гибнет и становится детективом духов. Классический хвалёный дубляж.
Zootopia,Зверополис,movie,2016,B1,"Intermediate B1 central (Talkpal, RealLife, FluentU)",American,,backlog,,108 мин,,https://upload.wikimedia.org/wikipedia/en/9/96/Zootopia_%28movie_poster%29.jpg,"Темп речи бодрее, больше игры слов и идиом — мягкий шаг к B2 на знакомом анимационном материале."
Avatar: The Last Airbender,Аватар: Легенда об Аанге,cartoon,2005,B2,"Richer vocab, older-learner themes; B1-B2 → B2 (ISLCollective)",American,,watched,61,,,https://is1-ssl.mzstatic.com/image/thumb/Video71/v4/9d/93/46/9d9346cf-bd3b-e79c-5b8f-73b5254b6cb4/mzl.dzyajguv.lsr/600x600bb.jpg,"Американская озвучка, ясная речь, богатый, но не перегруженный словарь. Сюжет держит — легко смотреть много подряд. Уже смотрел."
Baccano!,Баккано!,anime,2007,B2,CBR — лучшие дубляжи; реальные акценты США,American (dub),,backlog,16,,,https://image.tmdb.org/t/p/w500/jC4xEYiaGbgZkQSy1hOHbXhKh5D.jpg,Гангстеры и алхимики в США 1930-х. Настоящие нью-йоркские акценты в дубляже.
Better Call Saul,Лучше звоните Солу,drama,2015,B2,"Fast idiomatic legal/crime; B2-C1 (Languent, RealLife)",American,,backlog,63,,,https://is1-ssl.mzstatic.com/image/thumb/Video122/v4/43/9c/c1/439cc131-2334-3c17-5772-7e1fb5a4cf7e/mzl.fvuloeex.lsr/600x600bb.jpg,"Юридическая лексика и виртуозные монологи. Медленнее, чем Breaking Bad, но лексически плотнее — топ для C1."
Breaking Bad,Во все тяжкие,drama,2008,B2,"Slang, crime jargon, fast; B1-B2 upper (English Harmony, Rachel's)",American,,backlog,62,,,https://is1-ssl.mzstatic.com/image/thumb/Video3/v4/7b/99/f7/7b99f7b5-ee66-422e-2c16-3625525f11b9/mzl.fbwmkpdg.lsr/600x600bb.jpg,"Богатый, местами специализированный словарь, естественная быстрая речь, региональные оттенки. Серьёзный вызов уровня C1."
Community,Сообщество,sitcom,2009,B2,Verbling; Collider; ESL blogs,American,,backlog,110,,,https://image.tmdb.org/t/p/w500/3KUjDt8XY7w2Ku70UE0SECmv1zP.jpg,"Студенты колледжа: быстрый юмор, сленг и поп-культурные отсылки."
Cowboy Bebop,Ковбой Бибоп,anime,1998,B2,"Mature dub, sophisticated dialogue; upper-int (estimate)",American (dub),,backlog,26,,,https://is1-ssl.mzstatic.com/image/thumb/Video221/v4/6a/f0/ff/6af0ffdd-65ad-0e82-307f-fd93b0bd38b0/CowboyBebop_TCS_ESTBundle_Uncut1x1_Social_3000x3000.jpg/600x600bb.jpg,"Легендарный американский дубляж со стильной, естественной речью. Всего 26 серий — компактно и сильно. B2."
Death Note,Тетрадь смерти,anime,2006,B2,"Dense legal/strategy vocab, fast monologues (estimate)",American (dub),,backlog,37,,,https://upload.wikimedia.org/wikipedia/en/6/6f/Death_Note_Vol_1.jpg,Много внутренних монологов и рассуждений — отличная тренировка сложных конструкций и абстрактной лексики на слух. B2.
Desperate Housewives,Отчаянные домохозяйки,drama,2004,B2,Oxford Language Club; Verbling,American,,backlog,180,,,https://image.tmdb.org/t/p/w500/sywYmV9c9Vj2U7ocqNyfDt2pz3r.jpg,"Драмеди о жительницах пригорода: естественная разговорная речь, идиомы и популярные выражения."
F Is for Family,Семейка Мерфи,cartoon,2015,B2,Promova / Lingopie,American,,backlog,44,,,https://image.tmdb.org/t/p/w500/3gkdyR58Hm0gMkItqvyNz7zSTWH.jpg,"Взрослая анимация о семье 1970-х: грубый юмор, сленг и живые диалоги."
Fullmetal Alchemist: Brotherhood,Стальной алхимик: Братство,anime,2009,B2,"Dense war/alchemy vocab, fast (estimate; FluentU/Lingopie)",American (dub),,backlog,64,,,https://image.tmdb.org/t/p/w500/5ZFUEOULaVml7pQuXxhpR2SmVUw.jpg,"Один из лучших английских дубляжей: внятная актёрская речь, богатый сюжетный словарь. Эталон аниме-дубляжа для B2."
Get Out,Прочь,movie,2017,B2,Language Academia,American,,backlog,,104 мин,,https://image.tmdb.org/t/p/w500/mE24wUCfjK8AoBBjaMjho7Rczr7.jpg,Современная американская речь и культурный контекст — для продвинутого аудирования.
Gilmore Girls,Девочки Гилмор,drama,2000,B2,Lingopie (быстрые диалоги),American,,backlog,153,,,https://image.tmdb.org/t/p/w500/gwtzCwU2wdLLf8oejQu2TINiWfQ.jpg,"Драмеди о маме и дочке: очень быстрые остроумные диалоги, идиомы и культурные отсылки."
Good Will Hunting,Умница Уилл Хантинг,movie,1997,B2,"Boston accent, slang; B1-C1 → B2 (film-english.com)",American,,backlog,,126 мин,,https://upload.wikimedia.org/wikipedia/en/5/52/Good_Will_Hunting.png,"Плотные, умные диалоги, бостонский говор, психологическая лексика. Серьёзный фильм-вызов для C1."
Grey's Anatomy,Анатомия страсти,drama,2005,B2,FluentU; Lingopie (медицинская лексика); Verbling,American,,backlog,440,,,https://image.tmdb.org/t/p/w500/hjJkrLXhWvGHpLeLBDFznpBTY1S.jpg,"Жизнь врачей-стажёров в больнице Сиэтла: быстрые диалоги, мед. лексика и расхожие идиомы."
Modern Family,Американская семейка,sitcom,2009,B2,"Fast, sarcasm, varied accents; upper-int (FluentU, Lingopie)",American,Преим. американский; Глория — колумбийский английский.,backlog,250,,,https://is1-ssl.mzstatic.com/image/thumb/Video/v4/05/f9/3a/05f93a56-9ca6-8fad-3e7c-0f522775df10/mzl.ljdqebyp.lsr/600x600bb.jpg,"Псевдодокументальный стиль, естественные диалоги нескольких поколений — широкий срез живого американского английского."
Parks and Recreation,Парки и зоны отдыха,sitcom,2009,B2,"Fast improvised, dry sarcasm; like The Office (estimate)",American,,backlog,125,,,https://is1-ssl.mzstatic.com/image/thumb/Video62/v4/93/20/27/932027fd-bdf7-ec66-faad-5cdabd797de6/mzm.xzytpzrc.lsr/600x600bb.jpg,Мокьюментари с очень естественной речью и американским офисным/бытовым словарём. Отлично для B2.
Rick and Morty,Рик и Морти,cartoon,2013,B2,"Fast speech, slang, sci-fi vocab; advanced → B2 (VoiceTube, FluentU)",American,,backlog,71,,,https://is1-ssl.mzstatic.com/image/thumb/Video211/v4/9b/4e/c5/9b4ec522-a0a2-86ab-bc51-6d04db97eead/RickMorty_S9_S_KA_TT_3000x3000_300dpi_EN.jpg/600x600bb.jpg,"Очень быстрая речь, наука, сленг, заикания и перебивания — как реальный разговор. Тяжёлый, но мощный тренажёр C1."
Steins;Gate,Врата Штейна,anime,2011,B2,CBR; ANN — один из лучших дубляжей,American (dub),,backlog,24,,,https://image.tmdb.org/t/p/w500/bj9lZLRey7ZTWNbA9o3L0tW0HfW.jpg,Учёные изобретают путешествия во времени. Один из самых хвалёных дубляжей.
Suits,Форс-мажоры,drama,2011,B2,Lingopie (процедурная драма),American,,backlog,134,,,https://image.tmdb.org/t/p/w500/vQiryp6LioFxQThywxbC6TuoDjy.jpg,"Юридическая драма: быстрые остроумные диалоги, деловая лексика и идиомы Нью-Йорка."
The Big Bang Theory,Теория большого взрыва,sitcom,2007,B2,"Sarcasm, jargon, fast jokes; B1-B2 → B2 (FluentU, Tes)",American,Преим. американский; Радж — индийский английский.,backlog,279,,,https://is1-ssl.mzstatic.com/image/thumb/Video1/v4/79/3f/97/793f977a-8be2-a18b-47e8-249f3514bd33/mzl.htdzmwnw.lsr/600x600bb.jpg,"Бытовой + научно-гиковский словарь, быстрые диалоги. Тренирует понимание шуток и сарказма на B2."
The Office (US),Офис (США),sitcom,2005,B2,"Slang, idioms, deadpan; B1-B2 → B2 (FluentU, Talkpal)",American,,backlog,201,,,https://is1-ssl.mzstatic.com/image/thumb/Video211/v4/31/d1/67/31d1677a-2562-a918-e878-a62355cbdb22/nbc-the-office-3.000-keyart-72-dpi-3000-x-3000-1-1-domestic-network-logo-ok-1.png/600x600bb.jpg,"Эталон американского офисного английского, сарказма и неловких пауз. Сложнее за счёт быстрой импровизационной речи — верх B2."
The Pursuit of Happyness,В погоне за счастьем,movie,2006,B2,"Clear but business/finance terms; B2+ (Flurret, Koto)",American,,backlog,,117 мин,,https://upload.wikimedia.org/wikipedia/en/8/81/Poster-pursuithappyness.jpg,"Современный американский английский, деловая и бытовая лексика, ясные диалоги. Мотивирующий сюжет — легко досмотреть. B2."
This Is Us,Это мы,drama,2016,B2,Promova: Intermediate/Advanced; Lingopie,American,,backlog,106,,,https://image.tmdb.org/t/p/w500/huxmY6Dmzwpv5Q2hnNft0UMK7vf.jpg,"Драма о трёх взрослых и их семьях: эмоциональные диалоги о чувствах, отношениях и жизни."
30 Rock,Студия 30,sitcom,2006,C1,EF / Collider,American,,backlog,138,,,https://image.tmdb.org/t/p/w500/eYYQWACx7ttUzRwTNYuo6zveqpE.jpg,"Закулисье ТВ-шоу: рекордная плотность шуток, каламбуры и стремительная подача."
Arrested Development,Замедленное развитие,sitcom,2003,C1,EF / Ranker,American,,backlog,84,,,https://image.tmdb.org/t/p/w500/p4r4RD7RsNcJVoz0H6z3dBoTBtW.jpg,Абсурдная семейная сатира: быстрый словесный юмор и сквозные шутки.
BoJack Horseman,Конь БоДжек,cartoon,2014,C1,"Dense slang, irony, wordplay; B2-C1 → C1 (EF, WizCase)",American,,backlog,77,,,https://upload.wikimedia.org/wikipedia/en/6/6f/BoJack_Horseman_season_1.png,"Плотные диалоги, игра слов, скороговорки и культурные отсылки. Анимация + взрослые темы = серьёзная практика C1."
Mindhunter,Охотник за разумом,drama,2017,C1,Lingopie,American,,backlog,19,,,https://image.tmdb.org/t/p/w500/fbKE87mojpIETWepSbD5Qt741fp.jpg,Детективы ФБР изучают серийных убийц: напряжённая драма и специальная лексика.
Mr. Robot,Мистер Робот,drama,2015,C1,FluentU,American,,backlog,45,,,https://image.tmdb.org/t/p/w500/kv1nRqgebSsREnd7vdC2pSGjpLo.jpg,"Хакерский техно-триллер: много технической и психологической лексики, сложная речь."
Succession,Наследники,drama,2018,C1,FluentU / RealLife English,American,,backlog,39,,,https://image.tmdb.org/t/p/w500/z0XiwdrCQ9yVIr4O0pxzaAYRxdW.jpg,"Медиаимперия и семейная вражда: плотные диалоги, бизнес-сленг и чёрный юмор."
The Marvelous Mrs. Maisel,Удивительная миссис Мейзел,drama,2017,C1,LingQ/multimedia-english B2-C1; быстрый остроумный стендап,American,,backlog,43,,,https://image.tmdb.org/t/p/w500/zS7fQiOZiKCVH2vlYSiIsFWW8hh.jpg,"Женщина-стендап в Нью-Йорке 1950-х: очень быстрый темп, остроты и культурные отсылки."
The Social Network,Социальная сеть,movie,2010,C1,Language Academia; RealLife English,American,,backlog,,120 мин,,https://image.tmdb.org/t/p/w500/n0ybibhJtQ5icDqTp8eRytcIHJx.jpg,"Молниеносные диалоги, бизнес-сленг и сложные конструкции — вызов для уровня C1."
The West Wing,Западное крыло,drama,1999,C1,FluentU / RealLife English,American,,backlog,154,,,https://image.tmdb.org/t/p/w500/yqDWr5NAE7m1IWrygYwLyEB6pN0.jpg,"Политическая драма Сорки́на: стремительные умные диалоги, риторика и лексика власти."
Veep,Вице-президент,sitcom,2012,C1,FluentU / RealLife English,American,,backlog,91,,,https://image.tmdb.org/t/p/w500/cdd78fGdaA3EbK2ToZRWcaaB1fx.jpg,"Политическая сатира: молниеносный сарказм, ирония и многослойные оскорбления."
