verb|ipa|v2|v3|translation|exportedAt|status|knownAt|s1|s2|s3|family
be||was/were|been|–Ī—č—ā—Ć|2026-04-02|known|2026-04-09|She **was** at home yesterday.|I have **been** to Paris twice.|They **were** happy to see us.|
beat|/biňźt/|beat|beaten|–Ī–ł—ā—Ć; –Ņ–ĺ–Ī–Ķ–∂–ī–į—ā—Ć|2026-04-02|learning||She **beat** him at chess.|They were **beaten** by the other team.|He **beat** the drum loudly.|
become|/b…ôňąk äm/|became|become|—Ā—ā–į—ā—Ć|2026-04-02|known|2026-04-09|She **became** a doctor.|He has **become** very successful.|It **became** clear that he was right.|
begin|/biňą…°…™n/|began|begun|–Ĺ–į—á–į—ā—Ć|2026-04-02|known|2026-04-09|The show **began** at eight.|She has **begun** a new project.|It **began** to rain heavily.|
bend|/b…õnd/|bent|bent|—Ā–≥–ł–Ī–į—ā—Ć|2026-04-02|learning||He **bent** down to pick it up.|The branch was **bent** by the wind.|She **bent** the wire into a circle.|
bet|/ňąb…õt/|bet|bet|—Ā—ā–į–≤–ł—ā—Ć; –ī–Ķ—Ä–∂–į—ā—Ć –Ņ–į—Ä–ł|2026-04-02|learning||I **bet** you ten pounds he'll be late.|She has never **bet** on a horse.|I **bet** it will rain tomorrow.|
bite|/b Ć…™t/|bit|bitten|–ļ—É—Ā–į—ā—Ć|2026-04-02|learning||The dog **bit** him on the leg.|She was **bitten** by a mosquito.|Don't worry, the cat won't **bite**.|
bleed|/ňąbliňźd/|bled|bled|–ļ—Ä–ĺ–≤–ĺ—ā–ĺ—á–ł—ā—Ć|2026-04-02|learning||His finger **bled** for ten minutes.|The wound has **bled** a lot.|She **bled** from a cut on her hand.|
blow|/bl…ô ä/|blew|blown|–ī—É—ā—Ć|2026-04-02|known|2026-04-09|The wind **blew** the papers away.|The candle was **blown** out.|She **blew** on the hot soup.|
break|/b…Ļe…™k/|broke|broken|–Ľ–ĺ–ľ–į—ā—Ć|2026-04-02|known|2026-04-09|He **broke** the window.|The vase was **broken** into pieces.|She has **broken** her arm twice.|
breed|/b…Ļiňźd/|bred|bred|—Ä–į–∑–≤–ĺ–ī–ł—ā—Ć; –≤—č—Ä–į—Č–ł–≤–į—ā—Ć|2026-04-02|learning||They **bred** dogs for a living.|The horses were **bred** in Ireland.|She has **bred** chickens for years.|
bring|/ňąb…Ļ…™Ňč/|brought|brought|–Ņ—Ä–ł–Ĺ–ĺ—Ā–ł—ā—Ć|2026-04-02|known|2026-04-09|She **brought** flowers to the party.|He has **brought** his laptop.|They **brought** food for everyone.|
build|/b…™ld/|built|built|—Ā—ā—Ä–ĺ–ł—ā—Ć|2026-04-02|known|2026-04-09|They **built** a new school.|The house was **built** in 1920.|She has **built** a successful career.|
burn|/b…úňźn/|burnt/burned|burnt/burned|–≥–ĺ—Ä–Ķ—ā—Ć; –∂–Ķ—á—Ć|2026-04-02|learning||She **burnt** the toast.|The fire **burned** all night.|The paper was **burnt** to ashes.|
burst|/b…úňźst/|burst|burst|–≤–∑–ĺ—Ä–≤–į—ā—Ć—Ā—Ź; –Ľ–ĺ–Ņ–Ĺ—É—ā—Ć|2026-04-02|learning||The balloon **burst** with a loud pop.|She **burst** into tears.|A pipe **burst** in the basement.|
buy|/ba…™/|bought|bought|–Ņ–ĺ–ļ—É–Ņ–į—ā—Ć|2026-04-02|known|2026-04-09|I **bought** a new phone yesterday.|She has **bought** three books this week.|He **bought** her a ring.|
catch|/k√¶tÕ° É/|caught|caught|–Ľ–ĺ–≤–ł—ā—Ć; –Ņ–ĺ–Ļ–ľ–į—ā—Ć|2026-04-02|known|2026-04-09|She **caught** the ball easily.|The thief was **caught** by police.|I **caught** a cold last week.|
choose|/tÕ° Éuňźz/|chose|chosen|–≤—č–Ī–ł—Ä–į—ā—Ć|2026-04-02|known|2026-04-09|She **chose** the blue dress.|He was **chosen** as team captain.|They have **chosen** a new leader.|
come|/k Ćm/|came|come|–Ņ—Ä–ł—Ö–ĺ–ī–ł—ā—Ć|2026-04-02|known|2026-04-09|He **came** home late.|She has **come** to every meeting.|They **came** from different countries.|
cost|/ňąk…Ďst/|cost|cost|—Ā—ā–ĺ–ł—ā—Ć|2026-04-02|known|2026-04-09|The ticket **cost** fifty pounds.|It has **cost** us a lot of time.|How much did it **cost**?|
cut|/k Ćt/|cut|cut|—Ä–Ķ–∑–į—ā—Ć|2026-04-02|learning||She **cut** the cake into slices.|He has **cut** his finger.|I **cut** the paper in half.|
deal|/diňźl/|dealt|dealt|–ł–ľ–Ķ—ā—Ć –ī–Ķ–Ľ–ĺ|2026-04-02|learning||She **dealt** with the problem quickly.|The cards were **dealt** to all players.|He has **dealt** with worse situations.|
dig|/d…™…°/|dug|dug|–ļ–ĺ–Ņ–į—ā—Ć|2026-04-02|learning||The dog **dug** a hole in the garden.|They have **dug** up the old road.|She **dug** through the pile of papers.|
do|/d Čňź/|did|done|–ī–Ķ–Ľ–į—ā—Ć|2026-04-02|learning||She **did** her homework.|Have you **done** the dishes?|He **did** his best on the exam.|
draw|/d…Ļ…Ēňź/|drew|drawn|—Ä–ł—Ā–ĺ–≤–į—ā—Ć; —ā—Ź–Ĺ—É—ā—Ć|2026-04-02|learning||She **drew** a beautiful picture.|The curtains were **drawn** shut.|He has **drawn** a map for us.|
dream|/d…Ļiňźm/|dreamt/dreamed|dreamt/dreamed|–ľ–Ķ—á—ā–į—ā—Ć; –≤–ł–ī–Ķ—ā—Ć —Ā–ĺ–Ĺ|2026-04-02|learning||I **dreamt** about the sea last night.|She has always **dreamed** of travelling.|He **dreamt** he could fly.|
drink|/d…Ļ…™Ňčk/|drank|drunk|–Ņ–ł—ā—Ć|2026-04-02|learning||She **drank** two cups of coffee.|He has **drunk** all the juice.|They **drank** water after the run.|
drive|/d…Ļa…™v/|drove|driven|–≤–ĺ–ī–ł—ā—Ć|2026-04-02|learning||She **drove** to work every day.|He has **driven** across the country.|They **drove** for six hours.|
eat|/iňźt/|ate|eaten|–Ķ—Ā—ā—Ć|2026-04-02|learning||We **ate** dinner at seven.|Have you **eaten** lunch yet?|She **ate** a big breakfast.|
fall|/f…Ēňźl/|fell|fallen|–Ņ–į–ī–į—ā—Ć|2026-04-02|learning||She **fell** off the ladder.|The leaves have **fallen** from the trees.|He **fell** asleep on the sofa.|
feed|/ňąfiňźd/|fed|fed|–ļ–ĺ—Ä–ľ–ł—ā—Ć|2026-04-02|learning||She **fed** the cat this morning.|Have you **fed** the baby?|The dog was **fed** twice a day.|
feel|/fiňźl/|felt|felt|—á—É–≤—Ā—ā–≤–ĺ–≤–į—ā—Ć|2026-04-02|learning||I **felt** tired after work.|She has **felt** better since Monday.|He **felt** the cold wind on his face.|
fight|[f Ć…™t]|fought|fought|–Ī–ĺ—Ä–ĺ—ā—Ć—Ā—Ź; –ī—Ä–į—ā—Ć—Ā—Ź|2026-04-02|learning||They **fought** for their rights.|He has **fought** in three battles.|She **fought** back tears.|
find|/fa…™nd/|found|found|–Ĺ–į—Ö–ĺ–ī–ł—ā—Ć|2026-04-02|learning||I **found** my keys under the sofa.|She has **found** a new job.|He **found** the answer online.|
fly|/fla…™/|flew|flown|–Ľ–Ķ—ā–į—ā—Ć|2026-04-02|learning||The bird **flew** over the house.|She has **flown** to Japan three times.|They **flew** from London to New York.|
forbid|/f…ôňąb…™d/|forbade|forbidden|–∑–į–Ņ—Ä–Ķ—Č–į—ā—Ć|2026-04-02|learning||Her parents **forbade** her to go.|Smoking is **forbidden** here.|He was **forbidden** from entering.|
forget|/f…ôňą…°…õt/|forgot|forgotten|–∑–į–Ī—č–≤–į—ā—Ć|2026-04-02|learning||I **forgot** my password.|She has **forgotten** his name.|Don't **forget** to lock the door.|
forgive|/f…öňą…°…™v/|forgave|forgiven|–Ņ—Ä–ĺ—Č–į—ā—Ć|2026-04-02|learning||She **forgave** him for lying.|He has never **forgiven** her.|I've **forgiven** you ‚ÄĒ let's move on.|
freeze|/ňąf…Ļiňźz/|froze|frozen|–∑–į–ľ–Ķ—Ä–∑–į—ā—Ć; –∑–į–ľ–ĺ—Ä–į–∂–ł–≤–į—ā—Ć|2026-04-02|learning||The lake **froze** in January.|The pipes have **frozen** overnight.|She **froze** the leftover soup.|
get|/…°…õt/|got|got/gotten|–Ņ–ĺ–Ľ—É—á–į—ā—Ć; —Ā—ā–į–Ĺ–ĺ–≤–ł—ā—Ć—Ā—Ź|2026-04-02|learning||She **got** a new job last week.|He has **got** a lot of experience.|I **got** home at midnight.|
give|/…°…™v/|gave|given|–ī–į–≤–į—ā—Ć|2026-04-02|learning||He **gave** her a book.|She has **given** away all her clothes.|They **gave** us great advice.|
go|/…°…ô Č/|went|gone|–ł–ī—ā–ł; –Ķ—Ö–į—ā—Ć|2026-04-02|learning||She **went** to the shop.|He has **gone** home already.|They **went** on holiday to Greece.|
grow|/…°…Ļ…ô ä/|grew|grown|—Ä–į—Ā—ā–ł; –≤—č—Ä–į—Č–ł–≤–į—ā—Ć|2026-04-02|learning||She **grew** up in a small town.|The plants have **grown** a lot.|He **grew** tomatoes in his garden.|
hang|[he…™Ňč]|hung|hung|–≤–Ķ—ą–į—ā—Ć|2026-04-02|learning||She **hung** the picture on the wall.|The coat was **hung** on the hook.|He has **hung** the new curtains.|
have||had|had|–ł–ľ–Ķ—ā—Ć|2026-04-02|learning||She **had** a headache yesterday.|I've **had** enough coffee today.|They **had** a great time at the party.|
hear|/h…™…ô(…Ļ)/|heard|heard|—Ā–Ľ—č—ą–į—ā—Ć|2026-04-02|learning||I **heard** a strange noise.|Have you **heard** the news?|She **heard** him shout from upstairs.|
hide|/ha…™d/|hid|hidden|–Ņ—Ä—Ź—ā–į—ā—Ć|2026-04-02|learning||The cat **hid** under the bed.|The key was **hidden** in a drawer.|She has **hidden** the presents.|
hit|/h…™t/|hit|hit|—É–ī–į—Ä—Ź—ā—Ć|2026-04-02|learning||He **hit** the ball over the fence.|She was **hit** by a car.|The stone **hit** the window.|
hold|/h…ô äld/|held|held|–ī–Ķ—Ä–∂–į—ā—Ć|2026-04-02|learning||She **held** the baby carefully.|The meeting was **held** on Monday.|He has **held** this position for two years.|
hurt|/h…úňźt/|hurt|hurt|—Ä–į–Ĺ–ł—ā—Ć; –Ī–ĺ–Ľ–Ķ—ā—Ć|2026-04-02|learning||She **hurt** her knee running.|My head **hurts** today.|He has never **hurt** anyone.|
keep|/kiňźp/|kept|kept|–ī–Ķ—Ä–∂–į—ā—Ć; —Ö—Ä–į–Ĺ–ł—ā—Ć|2026-04-02|learning||She **kept** the letter for years.|He has **kept** his promise.|They **kept** quiet during the film.|
know|/n…ô ä/|knew|known|–∑–Ĺ–į—ā—Ć|2026-04-02|learning||I **knew** the answer immediately.|She has **known** him since childhood.|He **knew** something was wrong.|
lay|/le…™/|laid|laid|–ļ–Ľ–į—Ā—ā—Ć; –Ņ–ĺ–Ľ–ĺ–∂–ł—ā—Ć|2026-04-02|learning||She **laid** the book on the table.|The tablecloth was **laid** out neatly.|He **laid** the baby in the cot.|
lead|/l…õd/|led|led|–≤–Ķ—Ā—ā–ł; —Ä—É–ļ–ĺ–≤–ĺ–ī–ł—ā—Ć|2026-04-02|learning||She **led** the team to victory.|He has **led** the company for ten years.|They **led** us through the forest.|
learn|/l…úňźn/|learnt/learned|learnt/learned|—É—á–ł—ā—Ć; —É–∑–Ĺ–į—ā—Ć|2026-04-02|learning||She **learnt** to swim at five.|He has **learned** a lot this year.|I **learnt** about it from the news.|
leave|/liňźv/|left|left|—É—Ö–ĺ–ī–ł—ā—Ć; –ĺ—Ā—ā–į–≤–Ľ—Ź—ā—Ć|2026-04-02|learning||She **left** the office at six.|He has **left** his phone at home.|They **left** the door open.|
lend|/l…õnd/|lent|lent|–ĺ–ī–į–Ľ–∂–ł–≤–į—ā—Ć|2026-04-02|learning||She **lent** me her car.|He has **lent** money to his friend.|Can you **lend** me a pen?|
let|/l…õt/|let|let|–Ņ–ĺ–∑–≤–ĺ–Ľ—Ź—ā—Ć|2026-04-02|learning||Her parents **let** her go out.|He has never **let** me down.|**Let** me help you with that.|
lie|/la…™ŐĮ/|lay|lain|–Ľ–Ķ–∂–į—ā—Ć|2026-04-02|learning||She **lay** on the grass all afternoon.|He has **lain** in bed all morning.|The village **lay** at the foot of the mountain.|
light|/l Ć…™t/|lit|lit|–∑–į–∂–ł–≥–į—ā—Ć; –ĺ—Ā–≤–Ķ—Č–į—ā—Ć|2026-04-02|learning||She **lit** the candles for dinner.|The room was **lit** by a single lamp.|He **lit** a fire in the fireplace.|
lose|/luňźz/|lost|lost|—ā–Ķ—Ä—Ź—ā—Ć; –Ņ—Ä–ĺ–ł–≥—Ä—č–≤–į—ā—Ć|2026-04-02|learning||I **lost** my wallet on the bus.|She has **lost** weight recently.|They **lost** the match by one goal.|
make|/me…™k/|made|made|–ī–Ķ–Ľ–į—ā—Ć; —Ā–ĺ–∑–ī–į–≤–į—ā—Ć|2026-04-02|learning||She **made** a delicious cake.|He has **made** a lot of money.|They **made** a big mistake.|
mean|/miňźn/|meant|meant|–∑–Ĺ–į—á–ł—ā—Ć; –ł–ľ–Ķ—ā—Ć –≤ –≤–ł–ī—É|2026-04-02|learning||What did she **mean** by that?|I **meant** to call you.|He has always **meant** well.|
meet|/miňźt/|met|met|–≤—Ā—ā—Ä–Ķ—á–į—ā—Ć|2026-04-02|learning||I **met** her at a party.|We've **met** before, haven't we?|She **met** him at the airport.|
mistake|/m…™ňąste…™k/|mistook|mistaken|–ĺ—ą–ł–Ī–ł—ā—Ć—Ā—Ź; —Ā–Ņ—É—ā–į—ā—Ć|2026-04-02|learning||I **mistook** her for her sister.|You must be **mistaken** about the date.|He **mistook** the address.|
overcome|/ňĆ…ô äv…ôňąk Ćm/|overcame|overcome|–Ņ—Ä–Ķ–ĺ–ī–ĺ–Ľ–Ķ—ā—Ć|2026-04-02|learning||She **overcame** her fear of flying.|He has **overcome** many difficulties.|They **overcame** the challenge together.|
pay|/pe…™/|paid|paid|–Ņ–Ľ–į—ā–ł—ā—Ć|2026-04-02|learning||She **paid** for the meal.|He has **paid** all his debts.|I **paid** fifty pounds for the ticket.|
prove|/p…Ļuňźv/|proved|proven/proved|–ī–ĺ–ļ–į–∑–į—ā—Ć|2026-04-02|learning||She **proved** everyone wrong.|The theory has been **proven** correct.|He **proved** his innocence in court.|
put|/p ät/|put|put|–ļ–Ľ–į—Ā—ā—Ć; —Ā—ā–į–≤–ł—ā—Ć|2026-04-02|learning||She **put** the vase on the table.|He has **put** a lot of effort into this.|I **put** the keys in my pocket.|
read|/…Ļiňźd/|read|read|—á–ł—ā–į—ā—Ć|2026-04-02|learning||She **read** the letter twice.|He has **read** all the Harry Potter books.|I **read** about it in the newspaper.|
ride|/…Ļa…™d/|rode|ridden|–Ķ—Ö–į—ā—Ć –≤–Ķ—Ä—Ö–ĺ–ľ; –ļ–į—ā–į—ā—Ć—Ā—Ź|2026-04-02|learning||She **rode** her bike to school.|He has **ridden** horses since childhood.|They **rode** the bus to the centre.|
ring|/…Ļ…™Ňč/|rang|rung|–∑–≤–ĺ–Ĺ–ł—ā—Ć|2026-04-02|learning||The phone **rang** three times.|Has the bell **rung** yet?|She **rang** the doorbell.|
rise|/…Ļa…™s/|rose|risen|–Ņ–ĺ–ī–Ĺ–ł–ľ–į—ā—Ć—Ā—Ź|2026-04-02|learning||The sun **rose** at six this morning.|Prices have **risen** sharply.|She **rose** from her chair to greet him.|
run|/…Ļ än/|ran|run|–Ī–Ķ–∂–į—ā—Ć|2026-04-02|learning||She **ran** five kilometres yesterday.|He has **run** three marathons.|They **ran** to catch the bus.|
say|/se…™/|said|said|—Ā–ļ–į–∑–į—ā—Ć|2026-04-02|learning||She **said** goodbye and left.|He has **said** nothing all morning.|They **said** it was a good idea.|
see|/siňź/|saw|seen|–≤–ł–ī–Ķ—ā—Ć|2026-04-02|learning||I **saw** her at the shop.|Have you **seen** this film?|She **saw** the accident happen.|
sell|/s…õl/|sold|sold|–Ņ—Ä–ĺ–ī–į–≤–į—ā—Ć|2026-04-02|learning||He **sold** his car last month.|The house has been **sold**.|She **sold** the painting for 1,000 pounds.|
send|/s…õnd/|sent|sent|–ĺ—ā–Ņ—Ä–į–≤–Ľ—Ź—ā—Ć|2026-04-02|learning||She **sent** me an email.|He has **sent** the package.|I **sent** her a birthday card.|
set|/s…õt/|set|set|—É—Ā—ā–į–Ĺ–į–≤–Ľ–ł–≤–į—ā—Ć|2026-04-02|learning||She **set** the alarm for seven.|The date has been **set** for May.|He **set** the table for dinner.|
shake|/ňą Ée…™k/|shook|shaken|—ā—Ä—Ź—Ā—ā–ł; –Ņ–ĺ–∂–į—ā—Ć —Ä—É–ļ—É|2026-04-02|learning||She **shook** his hand firmly.|He was **shaken** by the news.|The earthquake **shook** the building.|
shine|/ Éa…™n/|shone|shone|—Ā–≤–Ķ—ā–ł—ā—Ć; —Ā–ł—Ź—ā—Ć|2026-04-02|learning||The sun **shone** brightly all day.|The light has **shone** through the window.|Her eyes **shone** with happiness.|
shoot|/ Éuňźt/|shot|shot|—Ā—ā—Ä–Ķ–Ľ—Ź—ā—Ć|2026-04-02|learning||He **shot** the ball into the goal.|The film was **shot** in Italy.|She **shot** a photo of the sunset.|
show|/ É…ô ä/|showed|shown|–Ņ–ĺ–ļ–į–∑—č–≤–į—ā—Ć|2026-04-02|learning||She **showed** me her photos.|He has **shown** great progress.|They **showed** us around the office.|
shut|/ É Ćt/|shut|shut|–∑–į–ļ—Ä—č–≤–į—ā—Ć|2026-04-02|learning||She **shut** the door quietly.|The shop has **shut** for the day.|He **shut** his eyes and fell asleep.|
sing|/s…™Ňč/|sang|sung|–Ņ–Ķ—ā—Ć|2026-04-02|learning||She **sang** a beautiful song.|He has **sung** in the choir for years.|They **sang** together at the party.|
sit|/s…™t/|sat|sat|—Ā–ł–ī–Ķ—ā—Ć|2026-04-02|learning||She **sat** by the window.|He has **sat** there for two hours.|They **sat** down and talked.|
sleep|/sliňźp/|slept|slept|—Ā–Ņ–į—ā—Ć|2026-04-02|learning||I **slept** for eight hours.|She hasn't **slept** well lately.|He **slept** through the alarm.|
slide|/sla…™d/|slid|slid|—Ā–ļ–ĺ–Ľ—Ć–∑–ł—ā—Ć|2026-04-02|learning||The car **slid** on the ice.|She **slid** the book across the table.|The door **slid** open automatically.|
speak|/spiňźk/|spoke|spoken|–≥–ĺ–≤–ĺ—Ä–ł—ā—Ć|2026-04-02|learning||She **spoke** to the manager.|He has **spoken** at many conferences.|They **spoke** about the project.|
spend|/sp…õnd/|spent|spent|—ā—Ä–į—ā–ł—ā—Ć; –Ņ—Ä–ĺ–≤–ĺ–ī–ł—ā—Ć|2026-04-02|learning||She **spent** ¬£200 on clothes.|He has **spent** three years abroad.|I **spent** the weekend at home.|
stand|/st√¶nd/|stood|stood|—Ā—ā–ĺ—Ź—ā—Ć|2026-04-02|learning||She **stood** by the door.|He has **stood** in line for an hour.|They **stood** up when the teacher entered.|
steal|/stiňźl/|stole|stolen|—É–ļ—Ä–į—Ā—ā—Ć|2026-04-02|learning||Someone **stole** my bike.|The painting was **stolen** from the museum.|He **stole** the idea from a book.|
stick|/st…™k/|stuck|stuck|–Ņ—Ä–ł–ļ–Ľ–Ķ–ł—ā—Ć; –∑–į—Ā—ā—Ä—Ź—ā—Ć|2026-04-02|learning||She **stuck** the poster on the wall.|The car got **stuck** in the mud.|I **stuck** a note on the fridge.|
strike|/st…Ļa…™k/|struck|struck|—É–ī–į—Ä–ł—ā—Ć; –Ī–į—Ā—ā–ĺ–≤–į—ā—Ć|2026-04-02|learning||Lightning **struck** the tree.|The workers have **struck** for better pay.|The clock **struck** twelve.|
swear|/sw…õ…ô/|swore|sworn|–ļ–Ľ—Ź—Ā—ā—Ć—Ā—Ź; —Ä—É–≥–į—ā—Ć—Ā—Ź|2026-04-02|learning||She **swore** she was telling the truth.|He has **sworn** to tell the truth.|Don't **swear** in front of the children.|
sweep|/swiňźp/|swept|swept|–Ņ–ĺ–ī–ľ–Ķ—ā–į—ā—Ć|2026-04-02|learning||She **swept** the kitchen floor.|The path has been **swept** clean.|He **swept** the leaves from the steps.|
swim|/sw…™m/|swam|swum|–Ņ–Ľ–į–≤–į—ā—Ć|2026-04-02|learning||She **swam** across the lake.|He has **swum** in the ocean many times.|They **swam** for an hour.|
take|/te…™k/|took|taken|–Ī—Ä–į—ā—Ć; –∑–į–Ĺ–ł–ľ–į—ā—Ć|2026-04-02|learning||She **took** a taxi to the airport.|He has **taken** the day off.|It **took** us three hours to get there.|
teach|/tiňźtÕ° É/|taught|taught|—É—á–ł—ā—Ć; –Ņ—Ä–Ķ–Ņ–ĺ–ī–į–≤–į—ā—Ć|2026-04-02|learning||She **taught** English for ten years.|He has **taught** at this school since 2015.|They **taught** me how to cook.|
tear||tore|torn|—Ä–≤–į—ā—Ć|2026-04-02|learning||She **tore** the letter in half.|The page was **torn** out of the book.|He **tore** his jacket on a nail.|
tell|/t…õl/|told|told|—Ä–į—Ā—Ā–ļ–į–∑—č–≤–į—ā—Ć; –≥–ĺ–≤–ĺ—Ä–ł—ā—Ć|2026-04-02|learning||She **told** me the whole story.|He has **told** everyone the news.|I **told** you so!|
think|/őł…™Ňčk/|thought|thought|–ī—É–ľ–į—ā—Ć|2026-04-02|learning||I **thought** about it all night.|She has **thought** of a plan.|He **thought** the answer was wrong.|
throw|/őł…Ļ…ô ä/|threw|thrown|–Ī—Ä–ĺ—Ā–į—ā—Ć|2026-04-02|learning||She **threw** the ball to the dog.|The old shoes were **thrown** away.|He **threw** his bag on the chair.|
understand|/ňĆ…ěnd…ô…Ļňąstand/|understood|understood|–Ņ–ĺ–Ĺ–ł–ľ–į—ā—Ć|2026-04-02|learning||I **understood** the lesson perfectly.|She has **understood** the problem now.|He **understood** nothing the teacher said.|
wake|/ňąwe…™k/|woke|woken|–Ņ—Ä–ĺ—Ā—č–Ņ–į—ā—Ć—Ā—Ź|2026-04-02|learning||She **woke** up at six.|He has **woken** up early every day.|The noise **woke** the baby.|
wear|/w…õ…ô/|wore|worn|–Ĺ–ĺ—Ā–ł—ā—Ć (–ĺ–ī–Ķ–∂–ī—É)|2026-04-02|learning||She **wore** a red dress to the party.|He has **worn** the same coat for years.|They **wore** masks during the flight.|
win|/w…™n/|won|won|–≤—č–ł–≥—Ä–į—ā—Ć|2026-04-02|learning||She **won** the race easily.|They have **won** three games in a row.|He **won** a prize at the fair.|
write|/…Ļa…™t/|wrote|written|–Ņ–ł—Ā–į—ā—Ć|2026-04-02|learning||She **wrote** a letter to her friend.|He has **written** three novels.|I **wrote** down the address.|
arise|/…ôňą…Ļa…™z/|arose|arisen|–≤–ĺ–∑–Ĺ–ł–ļ–į—ā—Ć|2026-04-11|learning||A problem **arose** during the meeting.|Issues have **arisen** since then.|Difficulties **arose** from the plan.|
awake|/…ôňąwe…™k/|awoke|awoken|–Ņ—Ä–ĺ—Ā—č–Ņ–į—ā—Ć—Ā—Ź|2026-04-11|learning||She **awoke** early in the morning.|He was **awoken** by a loud noise.|I **awoke** to the sound of rain.|
bear|/b…õ…ô(…Ļ)/|bore|borne|–Ĺ–Ķ—Ā—ā–ł; —ā–Ķ—Ä–Ņ–Ķ—ā—Ć|2026-04-11|learning||She **bore** the pain bravely.|He has **borne** this burden for years.|The tree **bore** fruit in summer.|
bind|/ba…™nd/|bound|bound|—Ā–≤—Ź–∑—č–≤–į—ā—Ć|2026-04-11|learning||She **bound** the books together.|His hands were **bound** with rope.|They **bound** the package tightly.|
broadcast|/ňąb…Ļ…Ďdk√¶st/|broadcast|broadcast|—ā—Ä–į–Ĺ—Ā–Ľ–ł—Ä–ĺ–≤–į—ā—Ć|2026-04-11|learning||The news was **broadcast** live.|They **broadcast** the game on TV.|The station **broadcast** music all day.|
cast|/k√¶st/|cast|cast|–Ī—Ä–ĺ—Ā–į—ā—Ć; –ĺ—ā–Ľ–ł–≤–į—ā—Ć|2026-04-11|learning||He **cast** a stone into the water.|The actor was **cast** in the main role.|She **cast** a shadow on the wall.|
cling|/ňąkl…™Ňč/|clung|clung|—Ü–Ķ–Ņ–Ľ—Ź—ā—Ć—Ā—Ź|2026-04-11|learning||The child **clung** to her mother.|He **clung** to the rope tightly.|Wet clothes **clung** to his body.|
creep|/k…Ļiňźp/|crept|crept|–ļ—Ä–į—Ā—ā—Ć—Ā—Ź|2026-04-11|learning||The cat **crept** across the floor.|He **crept** into the room quietly.|Time **crept** by slowly.|
dive|/ňąda…™v/|dove/dived|dived|–Ĺ—č—Ä—Ź—ā—Ć|2026-04-11|learning||She **dove** into the pool.|He **dived** off the high board.|They **dived** to see the fish.|
drag|/d…Ļ√¶…°/|dragged|dragged|—ā–į—Č–ł—ā—Ć|2026-04-11|learning||He **dragged** the box across the floor.|She **dragged** herself out of bed.|They **dragged** the boat to shore.|
dwell|/dw…õl/|dwelt|dwelt|–Ņ—Ä–ĺ–∂–ł–≤–į—ā—Ć; —Ä–į–∑–ľ—č—ą–Ľ—Ź—ā—Ć|2026-04-11|learning||They **dwelt** in a small village.|She **dwelt** on the problem too long.|He **dwelt** in the city for years.|
flee|/fliňź/|fled|fled|–Ī–Ķ–∂–į—ā—Ć; —Ā–Ņ–į—Ā–į—ā—Ć—Ā—Ź|2026-04-11|learning||They **fled** the country at night.|She **fled** from the fire.|Thousands **fled** the war zone.|
fling|/ňąfl…™Ňč/|flung|flung|–Ī—Ä–ĺ—Ā–į—ā—Ć; —ą–≤—č—Ä—Ź—ā—Ć|2026-04-11|learning||She **flung** the door open.|He **flung** his bag on the floor.|The wind **flung** leaves everywhere.|
forecast|/ňąf…Ēňźk…Ďňźst/|forecast|forecast|–Ņ—Ä–ĺ–≥–Ĺ–ĺ–∑–ł—Ä–ĺ–≤–į—ā—Ć|2026-04-11|learning||They **forecast** rain for tomorrow.|The expert **forecast** a rise in prices.|Snow was **forecast** for the weekend.|
grind|/ňą…°…Ļa…™nd/|ground|ground|–ľ–ĺ–Ľ–ĺ—ā—Ć; —ā–ĺ—á–ł—ā—Ć|2026-04-11|learning||She **ground** the coffee beans.|The knife was **ground** to a sharp edge.|He **ground** pepper over the food.|
kneel|/niňźl/|knelt|knelt|—Ā—ā–į–Ĺ–ĺ–≤–ł—ā—Ć—Ā—Ź –Ĺ–į –ļ–ĺ–Ľ–Ķ–Ĺ–ł|2026-04-11|learning||She **knelt** down to tie her shoe.|He **knelt** before the king.|They **knelt** in prayer.|
knit|/ňąn…™t/|knit/knitted|knit/knitted|–≤—Ź–∑–į—ā—Ć|2026-04-11|learning||She **knit** a scarf for her son.|He **knitted** a hat last winter.|She has **knit** many sweaters.|
lean|/liňźn/|leant/leaned|leant/leaned|–Ĺ–į–ļ–Ľ–ĺ–Ĺ—Ź—ā—Ć—Ā—Ź; –ĺ–Ņ–ł—Ä–į—ā—Ć—Ā—Ź|2026-04-11|learning||She **leaned** against the wall.|He **leant** forward to listen.|The tower **leaned** to one side.|
leap|/liňźp/|leapt/leaped|leapt/leaped|–Ņ—Ä—č–≥–į—ā—Ć|2026-04-11|learning||The cat **leapt** over the fence.|She **leaped** with joy.|He **leapt** across the stream.|
mislead|/m…™sňąliňźd/|misled|misled|–≤–≤–ĺ–ī–ł—ā—Ć –≤ –∑–į–Ī–Ľ—É–∂–ī–Ķ–Ĺ–ł–Ķ|2026-04-11|learning||The sign **misled** us completely.|She was **misled** by false information.|He **misled** the police.|
overtake|/ňą…ô äv…ô(…Ļ).te…™k/|overtook|overtaken|–ĺ–Ī–≥–ĺ–Ĺ—Ź—ā—Ć|2026-04-11|learning||The car **overtook** the bus.|She was **overtaken** by a faster runner.|He **overtook** three cars on the road.|
quit|/kw…™t/|quit|quit|–Ī—Ä–ĺ—Ā–į—ā—Ć; —É—Ö–ĺ–ī–ł—ā—Ć|2026-04-11|learning||She **quit** her job last month.|He **quit** smoking two years ago.|I **quit** the game early.|
rid|/ňą…Ļ…™d/|rid|rid|–ł–∑–Ī–į–≤–Ľ—Ź—ā—Ć|2026-04-11|learning||She **rid** the house of mice.|He **rid** himself of bad habits.|They **rid** the garden of weeds.|
seek|/siňźk/|sought|sought|–ł—Ā–ļ–į—ā—Ć|2026-04-11|learning||She **sought** advice from a lawyer.|He **sought** a better life abroad.|They **sought** help from the police.|
sew|/s…ô ä/|sewed|sewn|—ą–ł—ā—Ć|2026-04-11|learning||She **sewed** a button on the shirt.|He has **sewn** the hole in his jacket.|My grandmother **sewed** beautiful dresses.|
shed|/ É…õd/|shed|shed|–Ņ—Ä–ĺ–Ľ–ł–≤–į—ā—Ć; —Ā–Ī—Ä–į—Ā—č–≤–į—ā—Ć|2026-04-11|learning||The tree **shed** its leaves in autumn.|She **shed** tears of joy.|The dog **shed** hair everywhere.|
shrink|/ňą É…Ļ…™Ňčk/|shrank|shrunk|—Ā–∂–ł–ľ–į—ā—Ć—Ā—Ź; —É–ľ–Ķ–Ĺ—Ć—ą–į—ā—Ć—Ā—Ź|2026-04-11|learning||The shirt **shrank** in the wash.|Sales have **shrunk** this year.|The ice cream **shrank** in the heat.|
sink|/s…™Ňčk/|sank|sunk|—ā–ĺ–Ĺ—É—ā—Ć|2026-04-11|learning||The ship **sank** in the storm.|The ball **sank** to the bottom.|His heart **sank** when he heard the news.|
slay|/sle…™/|slew|slain|—É–Ī–ł–≤–į—ā—Ć|2026-04-11|learning||The hero **slew** the dragon.|The knight had **slain** the monster.|Many soldiers were **slain** in battle.|
slit|/ňąsl…™t/|slit|slit|—Ä–į–∑—Ä–Ķ–∑–į—ā—Ć|2026-04-11|learning||She **slit** open the envelope.|He **slit** the tape with a knife.|The curtain was **slit** down the middle.|
smell|/sm…õl/|smelt/smelled|smelt/smelled|–Ņ–į—Ö–Ĺ—É—ā—Ć; –Ĺ—é—Ö–į—ā—Ć|2026-04-11|learning||The flowers **smelt** wonderful.|She **smelled** the fresh bread.|He **smelt** something burning.|
sow|/sa ä/|sowed|sown|—Ā–Ķ—Ź—ā—Ć|2026-04-11|learning||The farmer **sowed** seeds in spring.|She has **sown** flowers in the garden.|They **sowed** wheat in the field.|
speed|/spiňźd/|sped|sped|–ľ—á–į—ā—Ć—Ā—Ź|2026-04-11|learning||The car **sped** down the road.|She **sped** past the other runners.|He **sped** away from the scene.|
spell|/sp…õl/|spelt/spelled|spelt/spelled|–Ņ—Ä–ĺ–ł–∑–Ĺ–ĺ—Ā–ł—ā—Ć –Ņ–ĺ –Ī—É–ļ–≤–į–ľ|2026-04-11|learning||She **spelt** her name slowly.|He **spelled** the word wrong.|Can you **spell** that for me?|
spill|/sp…™l/|spilt/spilled|spilt/spilled|–Ņ—Ä–ĺ–Ľ–ł–≤–į—ā—Ć|2026-04-11|learning||She **spilt** coffee on the table.|He **spilled** water on the floor.|Milk was **spilt** all over the kitchen.|
spin|/sp…™n/|spun|spun|–≤—Ä–į—Č–į—ā—Ć; –Ņ—Ä—Ź—Ā—ā—Ć|2026-04-11|learning||The wheel **spun** very fast.|She **spun** around and smiled.|The earth **spun** on its axis.|
spit|/sp…™t/|spat|spat|–Ņ–Ľ–Ķ–≤–į—ā—Ć|2026-04-11|learning||He **spat** on the ground.|The baby **spat** out the food.|She **spat** the seeds into a bowl.|
split|/spl…™t/|split|split|—Ä–į–∑–ī–Ķ–Ľ—Ź—ā—Ć; —Ä–į—Ā–ļ–į–Ľ—č–≤–į—ā—Ć|2026-04-11|learning||They **split** the money equally.|She **split** the wood with an axe.|The group **split** into two teams.|
spoil|/sp…Ē…™l/|spoilt/spoiled|spoilt/spoiled|–Ņ–ĺ—Ä—ā–ł—ā—Ć; –Ī–į–Ľ–ĺ–≤–į—ā—Ć|2026-04-11|learning||The rain **spoiled** our picnic.|She **spoilt** her children.|The food has **spoiled** in the heat.|
spread|/sp…Ļ…õd/|spread|spread|—Ä–į—Ā–Ņ—Ä–ĺ—Ā—ā—Ä–į–Ĺ—Ź—ā—Ć|2026-04-11|learning||The news **spread** quickly.|She **spread** butter on the bread.|The fire **spread** to the next building.|
spring|/sp…Ļ…™Ňč/|sprang|sprung|–Ņ—Ä—č–≥–į—ā—Ć; –Ņ–ĺ—Ź–≤–Ľ—Ź—ā—Ć—Ā—Ź|2026-04-11|learning||The cat **sprang** onto the table.|New shops have **sprung** up everywhere.|He **sprang** out of bed.|
squeeze|/skwiňźz/|squeezed|squeezed|—Ā–∂–ł–ľ–į—ā—Ć|2026-04-11|learning||She **squeezed** his hand.|He **squeezed** the lemon.|I **squeezed** into the small space.|
sting|/st…™Ňč/|stung|stung|–∂–į–Ľ–ł—ā—Ć|2026-04-11|learning||A bee **stung** her on the arm.|He was **stung** by a wasp.|The smoke **stung** my eyes.|
stink|/st…™Ňčk/|stank|stunk|–≤–ĺ–Ĺ—Ź—ā—Ć|2026-04-11|learning||The fish **stank** terribly.|The room has **stunk** all day.|His socks **stank** after the game.|
stride|/st…Ļa…™d/|strode|stridden|—ą–į–≥–į—ā—Ć|2026-04-11|learning||She **strode** across the room.|He **strode** into the office.|They **strode** through the park.|
strive||strove|striven|—Ā—ā—Ä–Ķ–ľ–ł—ā—Ć—Ā—Ź|2026-04-11|learning||She **strove** to do her best.|He has always **striven** for success.|They **strove** to improve the school.|
sweat|/sw…õt/|sweat/sweated|sweat/sweated|–Ņ–ĺ—ā–Ķ—ā—Ć|2026-04-11|learning||He **sweated** in the hot sun.|She **sweat** during the workout.|They **sweated** all through the game.|
swell|/sw…õl/|swelled|swollen|–ĺ–Ņ—É—Ö–į—ā—Ć; —Ä–į–∑–ī—É–≤–į—ā—Ć—Ā—Ź|2026-04-11|learning||Her ankle **swelled** after the fall.|The river has **swollen** after the rain.|His face was **swollen** from the bee sting.|
swing|/ňąsw…™Ňč/|swung|swung|–ļ–į—á–į—ā—Ć; –ľ–į—Ö–į—ā—Ć|2026-04-11|learning||She **swung** on the swing.|He **swung** the bat hard.|The door **swung** open in the wind.|
tread|/t…Ļ…õd/|trod|trodden|—Ā—ā—É–Ņ–į—ā—Ć; –Ĺ–į—Ā—ā—É–Ņ–į—ā—Ć|2026-04-11|learning||She **trod** carefully on the ice.|The path had been **trodden** by many feet.|He **trod** on a piece of glass.|
undergo|/ňĆ Ćnd…ôňą…°…ô ä/|underwent|undergone|–Ņ—Ä–ĺ—Ö–ĺ–ī–ł—ā—Ć; –Ņ–ĺ–ī–≤–Ķ—Ä–≥–į—ā—Ć—Ā—Ź|2026-04-11|learning||She **underwent** surgery last week.|He has **undergone** major changes.|The building **underwent** renovation.|
undertake|/ Ćnd…ôňąte…™k/|undertook|undertaken|–Ņ—Ä–Ķ–ī–Ņ—Ä–ł–Ĺ–ł–ľ–į—ā—Ć|2026-04-11|learning||She **undertook** a difficult task.|He has **undertaken** the project.|They **undertook** to finish on time.|
upset||upset|upset|—Ä–į—Ā—Ā—ā—Ä–į–ł–≤–į—ā—Ć|2026-04-11|learning||The news **upset** her greatly.|He was **upset** by the result.|Don't **upset** yourself over this.|
weave|/wiňźv/|wove|woven|—ā–ļ–į—ā—Ć; –Ņ–Ľ–Ķ—Ā—ā–ł|2026-04-11|learning||She **wove** a beautiful rug.|The basket was **woven** by hand.|He **wove** through the traffic.|
weep|/wiňźp/|wept|wept|–Ņ–Ľ–į–ļ–į—ā—Ć|2026-04-11|learning||She **wept** when she heard the news.|He **wept** with joy.|The child **wept** all night.|
wet|/w…õt/|wet|wet|–ľ–ĺ—á–ł—ā—Ć|2026-04-11|learning||She **wet** the cloth with water.|The rain **wet** the ground.|He **wet** his face to cool down.|
wind|/ňąwa…™nd/|wound|wound|–Ĺ–į–ľ–į—ā—č–≤–į—ā—Ć; –∑–į–≤–ĺ–ī–ł—ā—Ć|2026-04-11|learning||She **wound** the thread around the spool.|He **wound** up the clock.|The road **wound** through the hills.|
withdraw|/w…™√įňąd…Ļ…Ēňź/|withdrew|withdrawn|—Ā–Ĺ–ł–ľ–į—ā—Ć; –ĺ—ā—Ā—ā—É–Ņ–į—ā—Ć|2026-04-11|learning||She **withdrew** money from the bank.|He **withdrew** from the competition.|They **withdrew** their offer.|
withstand|/w…™√įňąst√¶nd/|withstood|withstood|–≤—č–ī–Ķ—Ä–∂–ł–≤–į—ā—Ć|2026-04-11|learning||The wall **withstood** the storm.|She **withstood** a lot of pressure.|The bridge **withstood** heavy traffic.|
wring|/…Ļ…™Ňč/|wrung|wrung|–≤—č–∂–ł–ľ–į—ā—Ć; —Ā–∂–ł–ľ–į—ā—Ć|2026-04-11|learning||She **wrung** the wet towel.|He **wrung** his hands nervously.|They **wrung** the water out of the cloth.|