verb|ipa|pattern|hint|translation|exportedAt|status|knownAt|s1|s2|s3|family|note
want||to do|+ to (infinitive)|хотеть|2026-04-26|learning||I **want to go** home.|She **wants to learn** Spanish.|He doesn't **want to be** late.||Глаголы намерения, желания, решения, отказа, обещания (want, hope, decide, refuse, promise, plan, agree, manage, fail, learn, offer, expect, pretend, choose, intend). Запомни: «Я хочу/собираюсь/решил → TO + base form».
hope||that|+ that (clause)|надеяться|2026-04-26|learning||I **hope that** you feel better.|She **hopes that** he calls.|We **hope that** the weather improves.||Глаголы мышления/говорения принимают придаточное предложение через that (think, believe, know, say, hope, suggest, recommend). Часто that можно опустить в разговорной речи.
decide||to do|+ to (infinitive)|решать|2026-04-26|learning||He **decided to quit** his job.|She **decided to study** abroad.|They **decided to move** to Paris.||Глаголы намерения, желания, решения, отказа, обещания (want, hope, decide, refuse, promise, plan, agree, manage, fail, learn, offer, expect, pretend, choose, intend). Запомни: «Я хочу/собираюсь/решил → TO + base form».
plan||to do|+ to (infinitive)|планировать|2026-04-26|learning||We **plan to visit** Italy.|She **plans to start** a business.|He **plans to retire** at 60.||Глаголы намерения, желания, решения, отказа, обещания (want, hope, decide, refuse, promise, plan, agree, manage, fail, learn, offer, expect, pretend, choose, intend). Запомни: «Я хочу/собираюсь/решил → TO + base form».
agree||to do|+ to (infinitive)|соглашаться|2026-04-26|learning||She **agreed to help** me.|He **agreed to pay** for dinner.|They **agreed to meet** at noon.||Глаголы намерения, желания, решения, отказа, обещания (want, hope, decide, refuse, promise, plan, agree, manage, fail, learn, offer, expect, pretend, choose, intend). Запомни: «Я хочу/собираюсь/решил → TO + base form».
refuse||to do|+ to (infinitive)|отказываться|2026-04-26|learning||He **refused to answer** the question.|She **refused to leave** without him.|They **refused to sign** the contract.||Глаголы намерения, желания, решения, отказа, обещания (want, hope, decide, refuse, promise, plan, agree, manage, fail, learn, offer, expect, pretend, choose, intend). Запомни: «Я хочу/собираюсь/решил → TO + base form».
promise|/ˈpɹɒmɪs/|to do|+ to (infinitive)|обещать|2026-04-26|learning||I **promise to call** you tonight.|She **promised to come** to the party.|He **promised to be** on time.||Глаголы намерения, желания, решения, отказа, обещания (want, hope, decide, refuse, promise, plan, agree, manage, fail, learn, offer, expect, pretend, choose, intend). Запомни: «Я хочу/собираюсь/решил → TO + base form».
manage|/ˈmænɪdʒ/|to do|+ to (infinitive)|удаваться|2026-04-26|learning||She **managed to finish** on time.|We **managed to get** tickets.|He **managed to pass** the exam.||Глаголы намерения, желания, решения, отказа, обещания (want, hope, decide, refuse, promise, plan, agree, manage, fail, learn, offer, expect, pretend, choose, intend). Запомни: «Я хочу/собираюсь/решил → TO + base form».
fail|/feɪl/|to do|+ to (infinitive)|не суметь|2026-04-26|learning||He **failed to convince** them.|She **failed to win** the match.|They **failed to meet** the deadline.||Глаголы намерения, желания, решения, отказа, обещания (want, hope, decide, refuse, promise, plan, agree, manage, fail, learn, offer, expect, pretend, choose, intend). Запомни: «Я хочу/собираюсь/решил → TO + base form».
learn|/lɜːn/|to do|+ to (infinitive)|научиться|2026-04-26|learning||She **learned to drive** last year.|I **learned to cook** from my mother.|He's **learning to swim**.||Глаголы намерения, желания, решения, отказа, обещания (want, hope, decide, refuse, promise, plan, agree, manage, fail, learn, offer, expect, pretend, choose, intend). Запомни: «Я хочу/собираюсь/решил → TO + base form».
offer|/ˈɑfɚ/|to do|+ to (infinitive)|предлагать|2026-04-26|learning||He **offered to help** with the bags.|She **offered to drive** us home.|They **offered to pay** for the meal.||Глаголы намерения, желания, решения, отказа, обещания (want, hope, decide, refuse, promise, plan, agree, manage, fail, learn, offer, expect, pretend, choose, intend). Запомни: «Я хочу/собираюсь/решил → TO + base form».
expect|/ɛkˈspɛkt/|sb to do|+ sb + to (infinitive)|ожидать|2026-04-26|learning||She **expects me to call** every day.|They **expect us to arrive** by noon.|He **expects her to win**.||Глаголы коммуникации/влияния на другого человека: говоришь/просишь/учишь/советуешь КОГО-ТО что-то сделать. Структура: VERB + OBJECT + TO + base form.
pretend|/pɹɪˈtɛnd/|to do|+ to (infinitive)|притворяться|2026-04-26|learning||He **pretended to be** asleep.|She **pretended not to know** him.|Don't **pretend to like** it.||Глаголы намерения, желания, решения, отказа, обещания (want, hope, decide, refuse, promise, plan, agree, manage, fail, learn, offer, expect, pretend, choose, intend). Запомни: «Я хочу/собираюсь/решил → TO + base form».
seem|/siːm/|to do|+ to (infinitive)|казаться|2026-04-26|learning||She **seems to enjoy** her work.|He **seems to know** everyone.|It **seemed to take** forever.||Глаголы намерения, желания, решения, отказа, обещания (want, hope, decide, refuse, promise, plan, agree, manage, fail, learn, offer, expect, pretend, choose, intend). Запомни: «Я хочу/собираюсь/решил → TO + base form».
tend|/tɛnd/|to do|+ to (infinitive)|иметь склонность|2026-04-26|learning||She **tends to worry** too much.|He **tends to forget** names.|People **tend to overeat** at parties.||Глаголы намерения, желания, решения, отказа, обещания (want, hope, decide, refuse, promise, plan, agree, manage, fail, learn, offer, expect, pretend, choose, intend). Запомни: «Я хочу/собираюсь/решил → TO + base form».
wish|/wɪʃ/|to do|+ to (infinitive)|желать|2026-04-26|learning||I **wish to speak** to the manager.|She **wishes to remain** anonymous.|He **wishes to apply** for the job.||Глаголы намерения, желания, решения, отказа, обещания (want, hope, decide, refuse, promise, plan, agree, manage, fail, learn, offer, expect, pretend, choose, intend). Запомни: «Я хочу/собираюсь/решил → TO + base form».
choose|/t͡ʃuːz/|to do|+ to (infinitive)|выбирать|2026-04-26|learning||She **chose to ignore** him.|He **chose to stay** at home.|They **chose to celebrate** quietly.||Глаголы намерения, желания, решения, отказа, обещания (want, hope, decide, refuse, promise, plan, agree, manage, fail, learn, offer, expect, pretend, choose, intend). Запомни: «Я хочу/собираюсь/решил → TO + base form».
intend|/ɪnˈtɛnd/|to do|+ to (infinitive)|намереваться|2026-04-26|learning||I **intend to finish** by Friday.|She **intends to apply** for university.|He **intends to start** his own company.||Глаголы намерения, желания, решения, отказа, обещания (want, hope, decide, refuse, promise, plan, agree, manage, fail, learn, offer, expect, pretend, choose, intend). Запомни: «Я хочу/собираюсь/решил → TO + base form».
afford|/əˈfɔːd/|to do|+ to (infinitive)|позволять себе|2026-04-26|learning||I can't **afford to buy** a new car.|She can **afford to travel** every year.|They can't **afford to lose** another customer.||Глаголы намерения, желания, решения, отказа, обещания (want, hope, decide, refuse, promise, plan, agree, manage, fail, learn, offer, expect, pretend, choose, intend). Запомни: «Я хочу/собираюсь/решил → TO + base form».
arrange|/əˈɹeɪndʒ/|to do|+ to (infinitive)|договариваться|2026-04-26|learning||We **arranged to meet** at the café.|She **arranged to visit** her parents.|He **arranged to take** time off.||Глаголы намерения, желания, решения, отказа, обещания (want, hope, decide, refuse, promise, plan, agree, manage, fail, learn, offer, expect, pretend, choose, intend). Запомни: «Я хочу/собираюсь/решил → TO + base form».
attempt|/əˈtɛmpt/|to do|+ to (infinitive)|пытаться|2026-04-26|learning||He **attempted to climb** the mountain.|She **attempted to break** the record.|They **attempted to save** the building.||Глаголы намерения, желания, решения, отказа, обещания (want, hope, decide, refuse, promise, plan, agree, manage, fail, learn, offer, expect, pretend, choose, intend). Запомни: «Я хочу/собираюсь/решил → TO + base form».
deserve|/dɪˈzɜːv/|to do|+ to (infinitive)|заслуживать|2026-04-26|learning||She **deserves to win** the award.|He **deserves to be** happy.|They **deserve to know** the truth.||Глаголы намерения, желания, решения, отказа, обещания (want, hope, decide, refuse, promise, plan, agree, manage, fail, learn, offer, expect, pretend, choose, intend). Запомни: «Я хочу/собираюсь/решил → TO + base form».
prepare|/pɹɪˈpɛə/|to do|+ to (infinitive)|готовиться|2026-04-26|learning||She **prepared to leave** early.|He **prepared to give** the speech.|We **prepared to face** the storm.||Глаголы намерения, желания, решения, отказа, обещания (want, hope, decide, refuse, promise, plan, agree, manage, fail, learn, offer, expect, pretend, choose, intend). Запомни: «Я хочу/собираюсь/решил → TO + base form».
threaten|/ˈθɹɛt.n̩/|to do|+ to (infinitive)|угрожать|2026-04-26|learning||He **threatened to quit**.|She **threatened to call** the police.|They **threatened to sue**.||Глаголы намерения, желания, решения, отказа, обещания (want, hope, decide, refuse, promise, plan, agree, manage, fail, learn, offer, expect, pretend, choose, intend). Запомни: «Я хочу/собираюсь/решил → TO + base form».
volunteer|/vɒl.ənˈtɪə/|to do|+ to (infinitive)|вызываться|2026-04-26|learning||She **volunteered to organize** the event.|He **volunteered to help** the elderly.|I **volunteered to drive** them.||Глаголы намерения, желания, решения, отказа, обещания (want, hope, decide, refuse, promise, plan, agree, manage, fail, learn, offer, expect, pretend, choose, intend). Запомни: «Я хочу/собираюсь/решил → TO + base form».
enjoy|/ənˈd͡ʒɔɪ/|doing|+ -ing (gerund)|наслаждаться|2026-04-26|learning||She **enjoys reading** mystery novels.|He **enjoys playing** the guitar.|We **enjoyed swimming** in the lake.||Глаголы процесса, наслаждения, избегания, окончания, обсуждения (enjoy, finish, avoid, suggest, recommend, mind, miss, deny, admit, consider, imagine, keep, practice, risk, postpone, dislike). Запомни: «процесс/событие → -ING».
finish|/ˈfɪnɪʃ/|doing|+ -ing (gerund)|заканчивать|2026-04-26|learning||I **finished writing** the report.|She **finished cleaning** the kitchen.|He **finished doing** his homework.||Глаголы процесса, наслаждения, избегания, окончания, обсуждения (enjoy, finish, avoid, suggest, recommend, mind, miss, deny, admit, consider, imagine, keep, practice, risk, postpone, dislike). Запомни: «процесс/событие → -ING».
avoid|/əˈvɔɪd/|doing|+ -ing (gerund)|избегать|2026-04-26|learning||She **avoids eating** sugar.|He **avoids talking** about politics.|I try to **avoid driving** at night.||Глаголы процесса, наслаждения, избегания, окончания, обсуждения (enjoy, finish, avoid, suggest, recommend, mind, miss, deny, admit, consider, imagine, keep, practice, risk, postpone, dislike). Запомни: «процесс/событие → -ING».
suggest|/səˈdʒɛst/|that|+ that (clause)|предлагать|2026-04-26|learning||He **suggests that** we leave early.|She **suggested that** he apply.|I **suggest that** we wait.||Глаголы мышления/говорения принимают придаточное предложение через that (think, believe, know, say, hope, suggest, recommend). Часто that можно опустить в разговорной речи.
recommend|/ɹɛkəˈmɛnd/|that|+ that (clause)|рекомендовать|2026-04-26|learning||The doctor **recommends that** he rest.|She **recommended that** I read this book.|We **recommend that** you arrive early.||Глаголы мышления/говорения принимают придаточное предложение через that (think, believe, know, say, hope, suggest, recommend). Часто that можно опустить в разговорной речи.
mind|/maɪnd/|doing|+ -ing (gerund)|возражать|2026-04-26|learning||Do you **mind opening** the window?|She doesn't **mind waiting**.|Would you **mind helping** me?||Глаголы процесса, наслаждения, избегания, окончания, обсуждения (enjoy, finish, avoid, suggest, recommend, mind, miss, deny, admit, consider, imagine, keep, practice, risk, postpone, dislike). Запомни: «процесс/событие → -ING».
miss|/mɪs/|doing|+ -ing (gerund)|скучать|2026-04-26|learning||I **miss living** by the sea.|She **misses seeing** her old friends.|He **misses playing** football.||Глаголы процесса, наслаждения, избегания, окончания, обсуждения (enjoy, finish, avoid, suggest, recommend, mind, miss, deny, admit, consider, imagine, keep, practice, risk, postpone, dislike). Запомни: «процесс/событие → -ING».
deny|/dɪˈnaɪ/|doing|+ -ing (gerund)|отрицать|2026-04-26|learning||He **denied stealing** the money.|She **denied knowing** anything about it.|They **denied being** there.||Глаголы процесса, наслаждения, избегания, окончания, обсуждения (enjoy, finish, avoid, suggest, recommend, mind, miss, deny, admit, consider, imagine, keep, practice, risk, postpone, dislike). Запомни: «процесс/событие → -ING».
admit|/ədˈmɪt/|doing|+ -ing (gerund)|признавать|2026-04-26|learning||He **admitted making** a mistake.|She **admitted lying** to him.|They **admitted being** wrong.||Глаголы процесса, наслаждения, избегания, окончания, обсуждения (enjoy, finish, avoid, suggest, recommend, mind, miss, deny, admit, consider, imagine, keep, practice, risk, postpone, dislike). Запомни: «процесс/событие → -ING».
consider|/kənˈsɪdə/|doing|+ -ing (gerund)|обдумывать|2026-04-26|learning||She's **considering moving** to London.|He's **considering changing** jobs.|We're **considering buying** a new car.||Глаголы процесса, наслаждения, избегания, окончания, обсуждения (enjoy, finish, avoid, suggest, recommend, mind, miss, deny, admit, consider, imagine, keep, practice, risk, postpone, dislike). Запомни: «процесс/событие → -ING».
imagine|/ɪˈmædʒ.ɪn/|doing|+ -ing (gerund)|представлять|2026-04-26|learning||I can't **imagine living** without coffee.|She **imagined winning** the race.|Can you **imagine working** there?||Глаголы процесса, наслаждения, избегания, окончания, обсуждения (enjoy, finish, avoid, suggest, recommend, mind, miss, deny, admit, consider, imagine, keep, practice, risk, postpone, dislike). Запомни: «процесс/событие → -ING».
practice|/ˈpɹæktɪs/|doing|+ -ing (gerund)|практиковать|2026-04-26|learning||She **practices speaking** English daily.|He **practices playing** the piano.|We **practice yoga** every morning.||Глаголы процесса, наслаждения, избегания, окончания, обсуждения (enjoy, finish, avoid, suggest, recommend, mind, miss, deny, admit, consider, imagine, keep, practice, risk, postpone, dislike). Запомни: «процесс/событие → -ING».
risk|/ɹɪsk/|doing|+ -ing (gerund)|рисковать|2026-04-26|learning||Don't **risk losing** your money.|She **risked failing** the exam.|He **risked offending** them.||Глаголы процесса, наслаждения, избегания, окончания, обсуждения (enjoy, finish, avoid, suggest, recommend, mind, miss, deny, admit, consider, imagine, keep, practice, risk, postpone, dislike). Запомни: «процесс/событие → -ING».
postpone|/poʊstˈpoʊn/|doing|+ -ing (gerund)|откладывать|2026-04-26|learning||We **postponed having** the party.|She **postponed visiting** her parents.|They **postponed signing** the contract.||Глаголы процесса, наслаждения, избегания, окончания, обсуждения (enjoy, finish, avoid, suggest, recommend, mind, miss, deny, admit, consider, imagine, keep, practice, risk, postpone, dislike). Запомни: «процесс/событие → -ING».
delay|/dɪˈleɪ/|doing|+ -ing (gerund)|задерживать|2026-04-26|learning||They **delayed announcing** the news.|She **delayed telling** him the truth.|We **delayed making** a decision.||Глаголы процесса, наслаждения, избегания, окончания, обсуждения (enjoy, finish, avoid, suggest, recommend, mind, miss, deny, admit, consider, imagine, keep, practice, risk, postpone, dislike). Запомни: «процесс/событие → -ING».
dislike|/dɪsˈlaɪk/|doing|+ -ing (gerund)|не любить|2026-04-26|learning||She **dislikes waking** up early.|He **dislikes being** ignored.|I **dislike eating** alone.||Глаголы процесса, наслаждения, избегания, окончания, обсуждения (enjoy, finish, avoid, suggest, recommend, mind, miss, deny, admit, consider, imagine, keep, practice, risk, postpone, dislike). Запомни: «процесс/событие → -ING».
keep|/kiːp/|doing|+ -ing (gerund)|продолжать|2026-04-26|learning||He **keeps forgetting** my name.|She **keeps asking** the same question.|They **keep coming** back.||Глаголы процесса, наслаждения, избегания, окончания, обсуждения (enjoy, finish, avoid, suggest, recommend, mind, miss, deny, admit, consider, imagine, keep, practice, risk, postpone, dislike). Запомни: «процесс/событие → -ING».
mention|/ˈmɛnʃən/|doing|+ -ing (gerund)|упоминать|2026-04-26|learning||She **mentioned visiting** Paris.|He **mentioned meeting** her sister.|I **mentioned needing** more time.||Глаголы процесса, наслаждения, избегания, окончания, обсуждения (enjoy, finish, avoid, suggest, recommend, mind, miss, deny, admit, consider, imagine, keep, practice, risk, postpone, dislike). Запомни: «процесс/событие → -ING».
discuss|/dɪsˈkʊs/|doing|+ -ing (gerund)|обсуждать|2026-04-26|learning||We **discussed buying** a house.|They **discussed changing** the plan.|She **discussed leaving** the company.||Глаголы процесса, наслаждения, избегания, окончания, обсуждения (enjoy, finish, avoid, suggest, recommend, mind, miss, deny, admit, consider, imagine, keep, practice, risk, postpone, dislike). Запомни: «процесс/событие → -ING».
appreciate|/əˈpɹiː.si.eɪt/|doing|+ -ing (gerund)|ценить|2026-04-26|learning||I **appreciate having** your support.|She **appreciates being** treated kindly.|He **appreciates getting** feedback.||Глаголы процесса, наслаждения, избегания, окончания, обсуждения (enjoy, finish, avoid, suggest, recommend, mind, miss, deny, admit, consider, imagine, keep, practice, risk, postpone, dislike). Запомни: «процесс/событие → -ING».
involve|/ɪnˈvɒlv/|doing|+ -ing (gerund)|включать|2026-04-26|learning||The job **involves working** late.|It **involves dealing** with customers.|This **involves making** decisions.||Глаголы процесса, наслаждения, избегания, окончания, обсуждения (enjoy, finish, avoid, suggest, recommend, mind, miss, deny, admit, consider, imagine, keep, practice, risk, postpone, dislike). Запомни: «процесс/событие → -ING».
fancy|/ˈfæn.si/|doing|+ -ing (gerund)|хотеть (брит.)|2026-04-26|learning||Do you **fancy going** out tonight?|She **fancies trying** something new.|I **fancy having** pizza.||Глаголы процесса, наслаждения, избегания, окончания, обсуждения (enjoy, finish, avoid, suggest, recommend, mind, miss, deny, admit, consider, imagine, keep, practice, risk, postpone, dislike). Запомни: «процесс/событие → -ING».
can't help||doing|+ -ing (gerund)|не мочь удержаться|2026-04-26|learning||I **can't help laughing**.|She **can't help worrying**.|He **couldn't help noticing** her.||Глаголы процесса, наслаждения, избегания, окончания, обсуждения (enjoy, finish, avoid, suggest, recommend, mind, miss, deny, admit, consider, imagine, keep, practice, risk, postpone, dislike). Запомни: «процесс/событие → -ING».
can't stand||doing|+ -ing (gerund)|терпеть не мочь|2026-04-26|learning||She **can't stand waiting**.|He **can't stand being** ignored.|I **can't stand cooking**.||Глаголы процесса, наслаждения, избегания, окончания, обсуждения (enjoy, finish, avoid, suggest, recommend, mind, miss, deny, admit, consider, imagine, keep, practice, risk, postpone, dislike). Запомни: «процесс/событие → -ING».
look forward to||doing|+ -ing (gerund)|с нетерпением ждать|2026-04-26|learning||I **look forward to seeing** you.|She **looks forward to retiring**.|We **look forward to meeting** them.||Глаголы процесса, наслаждения, избегания, окончания, обсуждения (enjoy, finish, avoid, suggest, recommend, mind, miss, deny, admit, consider, imagine, keep, practice, risk, postpone, dislike). Запомни: «процесс/событие → -ING».
give up||doing|+ -ing (gerund)|бросать|2026-04-26|learning||He **gave up smoking** last year.|She's **giving up eating** meat.|They **gave up trying**.||Глаголы процесса, наслаждения, избегания, окончания, обсуждения (enjoy, finish, avoid, suggest, recommend, mind, miss, deny, admit, consider, imagine, keep, practice, risk, postpone, dislike). Запомни: «процесс/событие → -ING».
tell|/tɛl/|sb to do|+ sb + to (infinitive)|сказать кому-то|2026-04-26|learning||She **told me to wait**.|He **told the kids to be** quiet.|The doctor **told her to rest**.||Глаголы коммуникации/влияния на другого человека: говоришь/просишь/учишь/советуешь КОГО-ТО что-то сделать. Структура: VERB + OBJECT + TO + base form.
ask|/ˈask/|sb to do|+ sb + to (infinitive)|просить кого-то|2026-04-26|learning||I **asked her to help** me.|She **asked him to come** earlier.|They **asked us to leave**.||Глаголы коммуникации/влияния на другого человека: говоришь/просишь/учишь/советуешь КОГО-ТО что-то сделать. Структура: VERB + OBJECT + TO + base form.
advise|/ədˈvaɪz/|sb to do|+ sb + to (infinitive)|советовать|2026-04-26|learning||The doctor **advised him to exercise**.|She **advised me to apply**.|He **advised them to wait**.||Глаголы коммуникации/влияния на другого человека: говоришь/просишь/учишь/советуешь КОГО-ТО что-то сделать. Структура: VERB + OBJECT + TO + base form.
allow|/əˈlaʊ/|sb to do|+ sb + to (infinitive)|разрешать|2026-04-26|learning||They **allowed her to leave** early.|He **allowed me to use** his car.|The school **allows students to wear** jeans.||Глаголы коммуникации/влияния на другого человека: говоришь/просишь/учишь/советуешь КОГО-ТО что-то сделать. Структура: VERB + OBJECT + TO + base form.
encourage|/ɪnˈkʌɹɪdʒ/|sb to do|+ sb + to (infinitive)|поощрять|2026-04-26|learning||She **encouraged him to apply**.|Teachers **encourage students to ask** questions.|We **encouraged her to try** again.||Глаголы коммуникации/влияния на другого человека: говоришь/просишь/учишь/советуешь КОГО-ТО что-то сделать. Структура: VERB + OBJECT + TO + base form.
force|/fɔːs/|sb to do|+ sb + to (infinitive)|заставлять|2026-04-26|learning||They **forced him to leave**.|She **forced herself to smile**.|The rain **forced us to stay** inside.||Глаголы коммуникации/влияния на другого человека: говоришь/просишь/учишь/советуешь КОГО-ТО что-то сделать. Структура: VERB + OBJECT + TO + base form.
invite|/ɪnˈvaɪt/|sb to do|+ sb + to (infinitive)|приглашать|2026-04-26|learning||They **invited us to join** them.|She **invited me to her** party.|He **invited her to dance**.||Глаголы коммуникации/влияния на другого человека: говоришь/просишь/учишь/советуешь КОГО-ТО что-то сделать. Структура: VERB + OBJECT + TO + base form.
order|/ˈɔːdə/|sb to do|+ sb + to (infinitive)|приказывать|2026-04-26|learning||The captain **ordered them to stop**.|She **ordered him to leave**.|The judge **ordered her to pay**.||Глаголы коммуникации/влияния на другого человека: говоришь/просишь/учишь/советуешь КОГО-ТО что-то сделать. Структура: VERB + OBJECT + TO + base form.
persuade|/pəˈsweɪd/|sb to do|+ sb + to (infinitive)|убеждать|2026-04-26|learning||She **persuaded him to come**.|He **persuaded me to try**.|They **persuaded us to stay**.||Глаголы коммуникации/влияния на другого человека: говоришь/просишь/учишь/советуешь КОГО-ТО что-то сделать. Структура: VERB + OBJECT + TO + base form.
remind|/ɹəˈmaɪnd/|sb to do|+ sb + to (infinitive)|напоминать|2026-04-26|learning||She **reminded me to call** the doctor.|He **reminded them to bring** their books.|Please **remind me to lock** the door.||Глаголы коммуникации/влияния на другого человека: говоришь/просишь/учишь/советуешь КОГО-ТО что-то сделать. Структура: VERB + OBJECT + TO + base form.
teach|/tiːt͡ʃ/|sb to do|+ sb + to (infinitive)|учить|2026-04-26|learning||She **taught me to swim**.|He **taught his son to drive**.|They **teach children to read**.||Глаголы коммуникации/влияния на другого человека: говоришь/просишь/учишь/советуешь КОГО-ТО что-то сделать. Структура: VERB + OBJECT + TO + base form.
warn|/wɔːn/|sb to do|+ sb + to (infinitive)|предупреждать|2026-04-26|learning||She **warned us not to go** there.|He **warned me to be** careful.|The sign **warns drivers to slow** down.||Глаголы коммуникации/влияния на другого человека: говоришь/просишь/учишь/советуешь КОГО-ТО что-то сделать. Структура: VERB + OBJECT + TO + base form.
would like||sb to do|+ sb + to (infinitive)|хотел бы|2026-04-26|learning||I **would like you to come**.|She **would like him to apologize**.|They **would like us to wait**.||Глаголы коммуникации/влияния на другого человека: говоришь/просишь/учишь/советуешь КОГО-ТО что-то сделать. Структура: VERB + OBJECT + TO + base form.
make|/meɪk/|sb do|+ sb + (bare infinitive)|заставлять|2026-04-26|learning||The teacher **made us write** an essay.|She **made him apologize**.|They **made me wait** for hours.||Каузативные глаголы (make, let, help): заставить/позволить/помочь сделать. После них идёт bare infinitive — БЕЗ to. Исключение: help может работать с TO и без.
let|/lɛt/|sb do|+ sb + (bare infinitive)|позволять|2026-04-26|learning||She **let me borrow** her car.|My parents **let me stay** out late.|He **let her drive**.||Каузативные глаголы (make, let, help): заставить/позволить/помочь сделать. После них идёт bare infinitive — БЕЗ to. Исключение: help может работать с TO и без.
help|/hɛlp/|sb do|+ sb + (bare infinitive)|помогать|2026-04-26|learning||She **helped me move** the furniture.|He **helps his mother cook**.|They **helped us find** the place.||Каузативные глаголы (make, let, help): заставить/позволить/помочь сделать. После них идёт bare infinitive — БЕЗ to. Исключение: help может работать с TO и без.
see|/siː/|sb do|+ sb + (bare infinitive)|видеть как|2026-04-26|learning||I **saw her leave** the building.|We **saw them argue**.|He **saw the children play**.||Каузативные глаголы (make, let, help): заставить/позволить/помочь сделать. После них идёт bare infinitive — БЕЗ to. Исключение: help может работать с TO и без.
hear|/hɪə(ɹ)/|sb do|+ sb + (bare infinitive)|слышать как|2026-04-26|learning||I **heard her sing**.|She **heard the door open**.|We **heard them shout**.||Каузативные глаголы (make, let, help): заставить/позволить/помочь сделать. После них идёт bare infinitive — БЕЗ to. Исключение: help может работать с TO и без.
watch|/wɒt͡ʃ/|sb do|+ sb + (bare infinitive)|наблюдать|2026-04-26|learning||She **watched him paint**.|We **watched the children play**.|He **watched her dance**.||Каузативные глаголы (make, let, help): заставить/позволить/помочь сделать. После них идёт bare infinitive — БЕЗ to. Исключение: help может работать с TO и без.
notice|/ˈnəʊtɪs/|that|+ that (clause)|замечать|2026-04-26|learning||I **noticed that** she was crying.|He **noticed that** the door was open.|She **noticed that** he was nervous.||Глаголы мышления/говорения принимают придаточное предложение через that (think, believe, know, say, hope, suggest, recommend). Часто that можно опустить в разговорной речи.
feel|/fiːl/|sb do|+ sb + (bare infinitive)|чувствовать|2026-04-26|learning||I **felt her hand touch** mine.|She **felt the rain start**.|He **felt the ground shake**.||Каузативные глаголы (make, let, help): заставить/позволить/помочь сделать. После них идёт bare infinitive — БЕЗ to. Исключение: help может работать с TO и без.
stop|/stɒp/|doing|+ -ing (gerund)|перестать|2026-04-26|learning||He **stopped talking** when she came in.|She **stopped smoking** last year.|Please **stop making** noise.||Глаголы процесса, наслаждения, избегания, окончания, обсуждения (enjoy, finish, avoid, suggest, recommend, mind, miss, deny, admit, consider, imagine, keep, practice, risk, postpone, dislike). Запомни: «процесс/событие → -ING».
remember|/ɹɪˈmɛmbə/|doing|+ -ing (gerund)|помнить (что делал)|2026-04-26|learning||I **remember meeting** her last year.|She **remembers visiting** Paris as a child.|Do you **remember locking** the door?||Глаголы процесса, наслаждения, избегания, окончания, обсуждения (enjoy, finish, avoid, suggest, recommend, mind, miss, deny, admit, consider, imagine, keep, practice, risk, postpone, dislike). Запомни: «процесс/событие → -ING».
forget|/fəˈɡɛt/|doing|+ -ing (gerund)|забыть (что делал)|2026-04-26|learning||I'll never **forget meeting** her.|She'll never **forget visiting** Rome.|He **forgot saying** that yesterday.||Глаголы процесса, наслаждения, избегания, окончания, обсуждения (enjoy, finish, avoid, suggest, recommend, mind, miss, deny, admit, consider, imagine, keep, practice, risk, postpone, dislike). Запомни: «процесс/событие → -ING».
try|/tɹaɪ/|doing|+ -ing (gerund)|пробовать|2026-04-26|learning||**Try opening** the window for fresh air.|**Try adding** more salt.|**Try calling** her again.||Глаголы процесса, наслаждения, избегания, окончания, обсуждения (enjoy, finish, avoid, suggest, recommend, mind, miss, deny, admit, consider, imagine, keep, practice, risk, postpone, dislike). Запомни: «процесс/событие → -ING».
regret|/ɹiˈɡɹɛt/|doing|+ -ing (gerund)|сожалеть (что сделал)|2026-04-26|learning||I **regret saying** those words.|She **regrets not finishing** university.|He **regrets selling** his car.||Глаголы процесса, наслаждения, избегания, окончания, обсуждения (enjoy, finish, avoid, suggest, recommend, mind, miss, deny, admit, consider, imagine, keep, practice, risk, postpone, dislike). Запомни: «процесс/событие → -ING».
mean|/miːn/|doing|+ -ing (gerund)|подразумевать|2026-04-26|learning||This **means working** longer hours.|It **means leaving** early.|This **means losing** money.||Глаголы процесса, наслаждения, избегания, окончания, обсуждения (enjoy, finish, avoid, suggest, recommend, mind, miss, deny, admit, consider, imagine, keep, practice, risk, postpone, dislike). Запомни: «процесс/событие → -ING».
go on||doing|+ -ing (gerund)|продолжать|2026-04-26|learning||She **went on talking** for hours.|He **went on working** late into the night.|The rain **went on falling**.||Глаголы процесса, наслаждения, избегания, окончания, обсуждения (enjoy, finish, avoid, suggest, recommend, mind, miss, deny, admit, consider, imagine, keep, practice, risk, postpone, dislike). Запомни: «процесс/событие → -ING».
like|/laɪk/|doing|+ -ing (gerund)|любить|2026-04-26|learning||She **likes reading** in bed.|He **likes playing** chess.|I **like cooking** at home.||Глаголы процесса, наслаждения, избегания, окончания, обсуждения (enjoy, finish, avoid, suggest, recommend, mind, miss, deny, admit, consider, imagine, keep, practice, risk, postpone, dislike). Запомни: «процесс/событие → -ING».
love|/lʊv/|doing|+ -ing (gerund)|обожать|2026-04-26|learning||She **loves swimming** in the sea.|He **loves listening** to music.|We **love going** to the cinema.||Глаголы процесса, наслаждения, избегания, окончания, обсуждения (enjoy, finish, avoid, suggest, recommend, mind, miss, deny, admit, consider, imagine, keep, practice, risk, postpone, dislike). Запомни: «процесс/событие → -ING».
hate|/heɪt/|doing|+ -ing (gerund)|ненавидеть|2026-04-26|learning||She **hates getting** up early.|He **hates being** late.|I **hate driving** in the rain.||Глаголы процесса, наслаждения, избегания, окончания, обсуждения (enjoy, finish, avoid, suggest, recommend, mind, miss, deny, admit, consider, imagine, keep, practice, risk, postpone, dislike). Запомни: «процесс/событие → -ING».
prefer|/pɹɪˈfɜː/|doing|+ -ing (gerund)|предпочитать|2026-04-26|learning||She **prefers walking** to driving.|He **prefers staying** in to going out.|I **prefer reading** to watching TV.||Глаголы процесса, наслаждения, избегания, окончания, обсуждения (enjoy, finish, avoid, suggest, recommend, mind, miss, deny, admit, consider, imagine, keep, practice, risk, postpone, dislike). Запомни: «процесс/событие → -ING».
start|/stɑːt/|doing|+ -ing (gerund)|начинать|2026-04-26|learning||She **started learning** Spanish.|It **started raining** suddenly.|He **started exercising** every day.||Глаголы процесса, наслаждения, избегания, окончания, обсуждения (enjoy, finish, avoid, suggest, recommend, mind, miss, deny, admit, consider, imagine, keep, practice, risk, postpone, dislike). Запомни: «процесс/событие → -ING».
begin|/biˈɡɪn/|doing|+ -ing (gerund)|начинать|2026-04-26|learning||She **began studying** at six.|He **began working** at 16.|The film **began playing** late.||Глаголы процесса, наслаждения, избегания, окончания, обсуждения (enjoy, finish, avoid, suggest, recommend, mind, miss, deny, admit, consider, imagine, keep, practice, risk, postpone, dislike). Запомни: «процесс/событие → -ING».
continue|/kənˈtɪnjuː/|doing|+ -ing (gerund)|продолжать|2026-04-26|learning||She **continued working** until late.|He **continued playing** despite the rain.|The pain **continued getting** worse.||Глаголы процесса, наслаждения, избегания, окончания, обсуждения (enjoy, finish, avoid, suggest, recommend, mind, miss, deny, admit, consider, imagine, keep, practice, risk, postpone, dislike). Запомни: «процесс/событие → -ING».
think|/θɪŋk/|that|+ that (clause)|думать|2026-04-26|learning||I **think that** he's right.|She **thinks that** it will rain.|We **think that** she's coming.||Глаголы мышления/говорения принимают придаточное предложение через that (think, believe, know, say, hope, suggest, recommend). Часто that можно опустить в разговорной речи.
believe|/bɪˈliːv/|that|+ that (clause)|верить|2026-04-26|learning||I **believe that** honesty is important.|She **believes that** he's innocent.|We **believe that** there is hope.||Глаголы мышления/говорения принимают придаточное предложение через that (think, believe, know, say, hope, suggest, recommend). Часто that можно опустить в разговорной речи.
know|/nəʊ/|that|+ that (clause)|знать|2026-04-26|learning||I **know that** you're tired.|She **knows that** it's late.|We **know that** he tried his best.||Глаголы мышления/говорения принимают придаточное предложение через that (think, believe, know, say, hope, suggest, recommend). Часто that можно опустить в разговорной речи.
say|/seɪ/|that|+ that (clause)|сказать|2026-04-26|learning||He **said that** he was tired.|She **says that** the test was easy.|They **said that** they would come.||Глаголы мышления/говорения принимают придаточное предложение через that (think, believe, know, say, hope, suggest, recommend). Часто that можно опустить в разговорной речи.
insist|/ɪnˈsɪst/|that|+ that (clause)|настаивать|2026-04-26|learning||He **insists that** we come for dinner.|She **insisted that** he pay.|They **insist that** we stay overnight.||Глаголы мышления/говорения принимают придаточное предложение через that (think, believe, know, say, hope, suggest, recommend). Часто that можно опустить в разговорной речи.
realize|/ˈɹɪə.laɪz/|that|+ that (clause)|осознавать|2026-04-26|learning||I **realized that** I was wrong.|She **realized that** he was lying.|We **realized that** it was too late.||Глаголы мышления/говорения принимают придаточное предложение через that (think, believe, know, say, hope, suggest, recommend). Часто that можно опустить в разговорной речи.
discover|/dɪsˈkʊvə/|that|+ that (clause)|обнаруживать|2026-04-26|learning||They **discovered that** he was lying.|She **discovered that** the door was unlocked.|We **discovered that** there was a mistake.||Глаголы мышления/говорения принимают придаточное предложение через that (think, believe, know, say, hope, suggest, recommend). Часто that можно опустить в разговорной речи.